timestamp,spot_price,future_price
1683331200000,28848.2,28837.8
1683417600000,28430.1,28419.4
1683504000000,27668.79,27659.8
1683590400000,27628.27,27610.2
1683676800000,27598.75,27582.9
1683763200000,26968.62,26956.4
1683849600000,26795.01,26785.1
1683936000000,26775.28,26762.7
1684022400000,26917.62,26901.9
1684108800000,27162.14,27152.5
1684195200000,27033.84,27024.8
1684281600000,27405.61,27395.8
1684368000000,26821.28,26809.3
1684454400000,26880.26,26870.1
1684540800000,27102.43,27089.5
1684627200000,26747.78,26732.8
1684713600000,26849.27,26840.2
1684800000000,27219.61,27209.9
1684886400000,26329.01,26313.8
1684972800000,26473.79,26461.8
1685059200000,26705.92,26689.9
1685145600000,26854.27,26841.6
1685232000000,28065.0,28055.7
1685318400000,27736.4,27722.0
1685404800000,27694.4,27680.1
1685491200000,27210.35,27201.1
1685577600000,26817.93,26805.3
1685664000000,27242.59,27227.8
1685750400000,27069.22,27054.9
1685836800000,27115.21,27102.4
1685923200000,25728.2,25714.7
1686009600000,27230.08,27221.5
1686096000000,26339.34,26325.9
1686182400000,26498.61,26485.9
1686268800000,26477.81,26468.1
1686355200000,25841.21,25826.6
1686441600000,25925.55,25909.9
1686528000000,25905.19,25894.8
1686614400000,25934.25,25918.0
1686700800000,25128.6,25115.9
1686787200000,25598.49,25586.1
1686873600000,26345.0,26336.0
1686960000000,26516.99,26508.9
1687046400000,26339.97,26329.7
1687132800000,26844.35,26828.5
1687219200000,28307.99,28290.6
1687305600000,29993.89,29988.5
1687392000000,29884.92,29875.0
1687478400000,30688.5,30673.4
1687564800000,30527.43,30524.2
1687651200000,30462.66,30458.0
1687737600000,30267.99,30260.1
1687824000000,30692.44,30683.2
1687910400000,30077.41,30066.3
1687996800000,30447.31,30439.9
1688083200000,30472.0,30460.2
1688169600000,30585.9,30573.6
1688256000000,30617.03,30612.7
1688342400000,31156.2,31149.0
1688428800000,30766.51,30756.1
1688515200000,30504.81,30488.4
1688601600000,29895.43,29874.4
1688688000000,30344.7,30327.9
1688774400000,30284.63,30269.3
1688860800000,30160.71,30147.8
1688947200000,30411.57,30396.9
1689033600000,30622.1,30608.4
1689120000000,30380.0,30368.9
1689206400000,31454.23,31441.7
1689292800000,30312.01,30293.3
1689379200000,30289.52,30276.4
1689465600000,30231.99,30216.8
1689552000000,30138.0,30126.1
1689638400000,29859.13,29845.6
1689724800000,29909.21,29895.5
1689811200000,29800.0,29791.0
1689897600000,29901.72,29891.4
1689984000000,29794.0,29783.5
1690070400000,30083.75,30070.8
1690156800000,29176.5,29163.8
1690243200000,29228.91,29216.3
1690329600000,29351.96,29336.0
1690416000000,29222.78,29209.7
1690502400000,29314.14,29299.9
1690588800000,29352.9,29339.1
1690675200000,29281.09,29271.1
1690761600000,29232.25,29220.8
1690848000000,29705.99,29701.2
1690934400000,29186.01,29170.1
1691020800000,29193.64,29180.2
1691107200000,29113.99,29101.1
1691193600000,29072.13,29057.7
1691280000000,29088.42,29075.9
1691366400000,29211.06,29202.7
1691452800000,29770.42,29759.0
1691539200000,29581.99,29572.8
1691625600000,29455.75,29443.7
1691712000000,29426.03,29415.5
1691798400000,29430.17,29420.7
1691884800000,29303.84,29293.3
1691971200000,29430.93,29419.5
1692057600000,29200.0,29188.8
1692144000000,28730.51,28714.4
1692230400000,26623.41,26609.7
1692316800000,26054.0,26042.1
1692403200000,26100.01,26088.3
1692489600000,26189.99,26175.9
1692576000000,26126.92,26115.4
1692662400000,26056.0,26044.4
1692748800000,26432.72,26419.2
1692835200000,26180.05,26164.6
1692921600000,26060.01,26051.7
1693008000000,26017.37,26004.3
1693094400000,26101.77,26087.7
1693180800000,26120.0,26106.5
1693267200000,27716.34,27700.1
1693353600000,27299.99,27290.4
1693440000000,25940.78,25928.0
1693526400000,25805.05,25795.6
1693612800000,25869.51,25855.8
1693699200000,25971.21,25962.1
1693785600000,25826.02,25814.0
1693872000000,25792.1,25779.7
1693958400000,25759.95,25747.4
1694044800000,26255.0,26240.7
1694131200000,25910.5,25899.8
1694217600000,25901.61,25892.6
1694304000000,25841.61,25828.4
1694390400000,25162.52,25150.4
1694476800000,25840.1,25825.8
1694563200000,26222.0,26209.9
1694649600000,26522.73,26510.3
1694736000000,26600.0,26591.1
1694822400000,26559.67,26546.9
1694908800000,26527.51,26514.2
1694995200000,26762.51,26749.9
1695081600000,27210.26,27196.0
1695168000000,27125.0,27107.7
1695254400000,26568.08,26552.6
1695340800000,26580.14,26566.7
1695427200000,26575.96,26563.1
1695513600000,26248.38,26232.4
1695600000000,26304.81,26290.5
1695686400000,26221.67,26208.8
1695772800000,26372.99,26359.6
1695859200000,27021.39,27011.8
1695945600000,26906.96,26890.9
1696032000000,26962.56,26950.9
1696118400000,27992.57,27981.4
1696204800000,27494.51,27477.6
1696291200000,27426.46,27412.0
1696377600000,27778.57,27759.8
1696464000000,27410.39,27398.4
1696550400000,27931.09,27916.3
1696636800000,27956.67,27943.0
1696723200000,27917.05,27901.2
1696809600000,27590.12,27578.3
1696896000000,27390.12,27381.2
1696982400000,26875.52,26864.5
1697068800000,26759.63,26744.0
1697155200000,26862.0,26849.8
1697241600000,26852.48,26836.3
1697328000000,27154.15,27139.8
1697414400000,28500.78,28486.3
1697500800000,28395.91,28381.9
1697587200000,28320.0,28307.1
1697673600000,28713.71,28696.9
1697760000000,29669.04,29653.0
1697846400000,29909.8,29895.4
1697932800000,29992.46,29981.5
1698019200000,33069.99,33074.0
1698105600000,33922.73,33917.0
1698192000000,34496.05,34487.7
1698278400000,34151.66,34154.0
1698364800000,33892.02,33893.1
1698451200000,34081.0,34086.6
1698537600000,34525.89,34528.6
1698624000000,34474.73,34483.8
1698710400000,34639.77,34651.4
1698796800000,35421.43,35437.4
1698883200000,34941.59,34940.1
1698969600000,34716.78,34700.4
1699056000000,35062.07,35069.7
1699142400000,35011.88,35025.5
1699228800000,35046.09,35057.4
1699315200000,35399.12,35406.5
1699401600000,35624.72,35626.7
1699488000000,36701.09,36719.5
1699574400000,37301.63,37330.4
1699660800000,37130.0,37162.1
1699747200000,37064.13,37085.5
1699833600000,36462.93,36486.2
1699920000000,35551.19,35559.0
1700006400000,37858.2,37885.6
1700092800000,36163.51,36176.0
1700179200000,36613.92,36621.9
1700265600000,36568.1,36580.9
1700352000000,37359.86,37375.9
1700438400000,37448.78,37462.5
1700524800000,35741.65,35737.0
1700611200000,37408.34,37413.4
1700697600000,37294.28,37294.3
1700784000000,37713.57,37706.3
1700870400000,37780.67,37766.6
1700956800000,37447.43,37437.9
1701043200000,37242.7,37234.3
1701129600000,37818.87,37812.1
1701216000000,37854.64,37837.1
1701302400000,37723.96,37716.8
1701388800000,38682.52,38660.0
1701475200000,39450.35,39435.0
1701561600000,39972.26,39979.7
1701648000000,41991.1,41993.1
1701734400000,44073.32,44081.7
1701820800000,43762.69,43774.8
1701907200000,43273.14,43296.0
1701993600000,44170.99,44209.5
1702080000000,43713.6,43734.3
1702166400000,43789.51,43810.0
1702252800000,41253.4,41271.0
1702339200000,41492.39,41515.0
1702425600000,42869.03,42875.0
1702512000000,43022.26,43032.4
1702598400000,41940.3,41968.0
1702684800000,42278.03,42287.4
1702771200000,41374.65,41396.5
1702857600000,42657.8,42671.7
1702944000000,42275.99,42298.3
1703030400000,43668.93,43708.9
1703116800000,43861.8,43896.3
1703203200000,43969.04,43999.2
1703289600000,43702.16,43725.2
1703376000000,42991.5,43008.4
1703462400000,43576.13,43611.9
1703548800000,42508.93,42538.5
1703635200000,43428.85,43453.8
1703721600000,42563.76,42600.1
1703808000000,42066.95,42095.1
1703894400000,42140.28,42174.2
1703980800000,42283.58,42314.0
1704067200000,44179.55,44230.2
1704153600000,44946.91,44979.8
1704240000000,42845.23,42849.5
1704326400000,44151.1,44143.8
1704412800000,44145.11,44145.4
1704499200000,43968.32,43956.7
1704585600000,43929.02,43916.9
1704672000000,46951.04,46972.7
1704758400000,46110.0,46114.0
1704844800000,46653.99,46662.9
1704931200000,46339.16,46337.8
1705017600000,42782.73,42788.9
1705104000000,42847.99,42846.4
1705190400000,41732.35,41734.9
1705276800000,42511.1,42515.0
1705363200000,43137.95,43133.0
1705449600000,42776.1,42783.4
1705536000000,41327.5,41323.1
1705622400000,41659.03,41662.2
1705708800000,41696.04,41691.8
1705795200000,41580.33,41580.0
1705881600000,39568.02,39567.0
1705968000000,39897.6,39890.0
1706054400000,40084.88,40078.7
1706140800000,39961.09,39953.3
1706227200000,41823.51,41806.4
1706313600000,42120.63,42102.2
1706400000000,42031.06,42021.2
1706486400000,43302.7,43287.7
1706572800000,42941.1,42918.3
1706659200000,42580.0,42560.5
1706745600000,43082.94,43072.6
1706832000000,43200.0,43182.0
1706918400000,43011.09,42992.4
1707004800000,42582.88,42570.3
1707091200000,42708.7,42692.9
1707177600000,43098.95,43079.1
1707264000000,44349.6,44326.2
1707350400000,45288.65,45269.1
1707436800000,47132.77,47116.1
1707523200000,47751.09,47732.6
1707609600000,48299.99,48303.4
1707696000000,49917.27,49943.6
1707782400000,49699.59,49696.4
1707868800000,51795.17,51823.2
1707955200000,51880.0,51898.5
1708041600000,52124.11,52148.6
1708128000000,51642.64,51679.4
1708214400000,52137.67,52175.9
1708300800000,51774.73,51813.8
1708387200000,52258.82,52297.4
1708473600000,51849.39,51877.8
1708560000000,51288.42,51316.9
1708646400000,50744.15,50771.9
1708732800000,51568.22,51602.1
1708819200000,51728.85,51764.9
1708905600000,54476.47,54511.6
1708992000000,57037.34,57074.5
1709078400000,62432.1,62487.9
1709164800000,61130.98,61203.3
1709251200000,62387.9,62430.6
1709337600000,61987.28,62039.9
1709424000000,63113.97,63178.5
1709510400000,68245.71,68296.4
1709596800000,63724.01,63747.4
1709683200000,66074.04,66128.1
1709769600000,66823.17,66870.0
1709856000000,68124.19,68180.2
1709942400000,68313.27,68360.1
1710028800000,68955.88,69001.8
1710115200000,72078.1,72153.8
1710201600000,71452.01,71503.2
1710288000000,73072.41,73127.6
1710374400000,71388.94,71455.5
1710460800000,69499.85,69552.2
1710547200000,65300.63,65351.0
1710633600000,68393.48,68447.9
1710720000000,67609.99,67660.0
1710806400000,61937.4,61974.1
1710892800000,67840.51,67876.4
1710979200000,65501.27,65539.9
1711065600000,63796.64,63826.0
1711152000000,63990.01,64020.3
1711238400000,67209.99,67260.9
1711324800000,69880.01,69920.5
1711411200000,69988.0,70044.1
1711497600000,69469.99,69532.6
1711584000000,70780.6,70838.7
1711670400000,69850.54,69903.6
1711756800000,69582.18,69642.1
1711843200000,71280.01,71363.0
1711929600000,69649.8,69700.0
1712016000000,65463.99,65505.3
1712102400000,65963.28,65971.9
1712188800000,68487.79,68489.9
1712275200000,67820.62,67825.7
1712361600000,68896.0,68901.6
1712448000000,69360.39,69362.7
1712534400000,71620.0,71678.4
1712620800000,69146.0,69189.3
1712707200000,70631.08,70681.7
1712793600000,70006.23,70055.7
1712880000000,67116.52,67136.4
1712966400000,63924.51,63939.7
1713052800000,65661.84,65615.9
1713139200000,63419.99,63392.7
1713225600000,63793.39,63765.0
1713312000000,61277.37,61254.5
1713398400000,63470.08,63445.0
1713484800000,63818.01,63787.4
1713571200000,64940.59,64897.2
1713657600000,64941.15,64912.6
1713744000000,66819.32,66778.0
1713830400000,66414.0,66386.3
1713916800000,64289.59,64250.0
1714003200000,64498.34,64478.8
1714089600000,63770.01,63748.8
1714176000000,63461.98,63421.0
1714262400000,63118.62,63088.3
1714348800000,63866.0,63842.4
1714435200000,60672.0,60651.2
1714521600000,58364.97,58307.6
1714608000000,59060.61,59036.7
1714694400000,62882.01,62853.7
1714780800000,63892.04,63864.2
1714867200000,64012.0,63988.0
1714953600000,63165.19,63142.8
1715040000000,62312.08,62296.0
1715126400000,61193.03,61157.9
1715212800000,63074.01,63050.1
1715299200000,60799.99,60778.1
1715385600000,60825.99,60809.2
1715472000000,61483.99,61455.8
1715558400000,62940.08,62912.1
1715644800000,61577.49,61550.5
1715731200000,66206.5,66175.4
1715817600000,65235.21,65217.7
1715904000000,67024.0,66980.0
1715990400000,66915.2,66884.9
1716076800000,66274.01,66239.4
1716163200000,71446.62,71466.5
1716249600000,70148.34,70168.8
1716336000000,69166.62,69219.1
1716422400000,67969.65,67999.9
1716508800000,68549.99,68584.1
1716595200000,69290.57,69314.4
1716681600000,68507.67,68524.3
1716768000000,69436.43,69461.6
1716854400000,68398.39,68440.5
1716940800000,67652.42,67686.7
1717027200000,68352.17,68402.5
1717113600000,67540.01,67577.9
1717200000000,67766.85,67799.2
1717286400000,67765.63,67805.9
1717372800000,68809.9,68851.4
1717459200000,70537.84,70580.0
1717545600000,71108.0,71133.3
1717632000000,70799.06,70830.0
1717718400000,69355.6,69377.0
1717804800000,69310.46,69346.5
1717891200000,69648.14,69667.1
1717977600000,69540.0,69558.7
1718064000000,67314.24,67320.7
1718150400000,68263.99,68270.3
1718236800000,66773.01,66786.9
1718323200000,66043.99,66039.7
1718409600000,66228.25,66213.7
1718496000000,66676.87,66653.6
1718582400000,66504.33,66472.1
1718668800000,65175.32,65150.0
1718755200000,64974.37,64933.6
1718841600000,64869.99,64854.0
1718928000000,64143.56,64124.0
1719014400000,64262.01,64240.0
1719100800000,63210.01,63194.9
1719187200000,60293.3,60273.6
1719273600000,61806.01,61777.8
1719360000000,60864.99,60860.1
1719446400000,61706.47,61682.0
1719532800000,60427.84,60429.8
1719619200000,60986.68,60982.4
1719705600000,62772.01,62766.0
1719792000000,62899.99,62883.6
1719878400000,62135.47,62123.6
1719964800000,60208.58,60208.0
1720051200000,57050.01,57045.9
1720137600000,56628.79,56604.9
1720224000000,58230.13,58216.0
1720310400000,55857.81,55830.9
1720396800000,56714.62,56686.4
1720483200000,58050.0,58023.2
1720569600000,57725.85,57707.0
1720656000000,57339.89,57315.5
1720742400000,57889.1,57870.0
1720828800000,59204.02,59174.0
1720915200000,60797.91,60766.0
1721001600000,64724.14,64680.6
1721088000000,65043.99,65010.0
1721174400000,64087.99,64055.7
1721260800000,63987.92,63959.9
1721347200000,66660.0,66627.9
1721433600000,67139.96,67095.6
1721520000000,68165.34,68138.0
1721606400000,67532.01,67499.2
1721692800000,65936.01,65916.4
1721779200000,65376.0,65350.8
1721865600000,65799.95,65773.0
1721952000000,67907.99,67882.5
1722038400000,67896.5,67873.8
1722124800000,68249.88,68215.5
1722211200000,66784.69,66750.0
1722297600000,66188.0,66159.3
1722384000000,64628.0,64601.8
1722470400000,65354.02,65328.9
1722556800000,61498.33,61483.7
1722643200000,60697.99,60684.6
1722729600000,58161.0,58144.5
1722816000000,54018.81,54003.1
1722902400000,56022.01,55991.2
1722988800000,55134.16,55102.9
1723075200000,61685.99,61659.8
1723161600000,60837.99,60808.6
1723248000000,60923.51,60889.9
1723334400000,58712.59,58693.1
1723420800000,59346.64,59323.6
1723507200000,60587.15,60550.5
1723593600000,58683.39,58648.1
1723680000000,57541.06,57511.0
1723766400000,58874.6,58854.9
1723852800000,59491.99,59468.5
1723939200000,58427.35,58390.0
1724025600000,59438.5,59398.5
1724112000000,59013.8,58982.9
1724198400000,61156.03,61120.0
1724284800000,60375.84,60349.9
1724371200000,64037.24,64019.9
1724457600000,64157.01,64116.5
1724544000000,64220.0,64190.2
1724630400000,62834.0,62807.6
1724716800000,59415.0,59384.5
1724803200000,59034.9,59010.0
1724889600000,59359.01,59323.2
1724976000000,59123.99,59096.3
1725062400000,58973.99,58941.9
1725148800000,57301.86,57268.1
1725235200000,59132.13,59112.1
1725321600000,57487.73,57451.9
1725408000000,57970.9,57944.8
1725494400000,56180.0,56145.7
1725580800000,53962.97,53927.7
1725667200000,54160.86,54134.9
1725753600000,54869.95,54839.6
1725840000000,57042.0,57010.0
1725926400000,57635.99,57609.1
1726012800000,57338.0,57306.0
1726099200000,58132.32,58097.0
1726185600000,60498.0,60456.2
1726272000000,59993.03,59964.0
1726358400000,59132.0,59100.5
1726444800000,58213.99,58187.0
1726531200000,60313.99,60281.0
1726617600000,61759.99,61735.3
1726704000000,62947.99,62926.9
1726790400000,63201.05,63175.7
1726876800000,63348.96,63320.6
1726963200000,63578.76,63558.4
1727049600000,63339.99,63302.0
1727136000000,64262.7,64243.1
1727222400000,63152.01,63118.4
1727308800000,65173.99,65139.2
1727395200000,65769.95,65749.6
1727481600000,65858.0,65822.6
1727568000000,65602.01,65568.1
1727654400000,63327.59,63309.1
1727740800000,60805.78,60776.8
1727827200000,60649.28,60622.6
1727913600000,60752.71,60727.2
1728000000000,62086.0,62054.4
1728086400000,62058.0,62023.1
1728172800000,62819.91,62789.3
1728259200000,62224.0,62190.7
1728345600000,62160.49,62131.7
1728432000000,60636.02,60606.4
1728518400000,60326.39,60293.2
1728604800000,62540.0,62509.0
1728691200000,63206.22,63176.0
1728777600000,62870.02,62839.8
1728864000000,66083.99,66064.9
1728950400000,67074.14,67044.1
1729036800000,67620.01,67592.0
1729123200000,67421.78,67401.5
1729209600000,68428.0,68407.8
1729296000000,68378.0,68357.1
1729382400000,69031.99,69020.1
1729468800000,67377.5,67368.8
1729555200000,67426.0,67406.4
1729641600000,66668.65,66647.2
1729728000000,68198.28,68173.8
1729814400000,66698.33,66662.8
1729900800000,67092.76,67071.8
1729987200000,68021.7,67992.6
1730073600000,69962.21,69940.0
1730160000000,72736.42,72739.5
1730246400000,72344.74,72349.0
1730332800000,70292.01,70321.9
1730419200000,69496.01,69495.5
1730505600000,69374.74,69366.6
1730592000000,68775.99,68762.5
1730678400000,67850.01,67834.3
1730764800000,69372.01,69353.1
1730851200000,75571.99,75579.9
1730937600000,75857.89,75859.4
1731024000000,76509.78,76482.2
1731110400000,76677.46,76675.1
1731196800000,80370.01,80410.0
1731283200000,88647.99,88728.9
1731369600000,87952.01,87972.0
1731456000000,90375.2,90413.3
1731542400000,87325.59,87382.7
1731628800000,91032.07,91074.6
1731715200000,90586.92,90643.3
1731801600000,89855.99,89899.9
1731888000000,90464.08,90507.4
1731974400000,92310.79,92335.9
1732060800000,94286.56,94288.0
1732147200000,98317.12,98366.8
1732233600000,98892.0,98921.4
1732320000000,97672.4,97725.5
1732406400000,97900.04,97960.4
1732492800000,93010.01,93064.0
1732579200000,91965.16,92021.4
1732665600000,95863.11,95905.2
1732752000000,95643.98,95694.4
1732838400000,97460.0,97516.3
1732924800000,96407.99,96475.1
1733011200000,97185.18,97265.1
1733097600000,95840.62,95890.5
1733184000000,95849.69,95913.3
1733270400000,98587.32,98669.8
1733356800000,96945.63,97001.5
1733443200000,99740.84,99802.5
1733529600000,99831.99,99899.2
1733616000000,101109.59,101200.0
1733702400000,97276.47,97349.1
1733788800000,96593.0,96602.4
1733875200000,101125.0,101115.3
1733961600000,100004.29,99982.4
1734048000000,101424.25,101371.9
1734134400000,101420.0,101381.0
1734220800000,104463.99,104460.4
1734307200000,106058.66,106023.2
1734393600000,106133.74,106074.6
1734480000000,100204.01,100181.1
1734566400000,97461.86,97434.4
1734652800000,97805.44,97764.4
1734739200000,97291.99,97261.8
1734825600000,95186.27,95153.5
1734912000000,94881.47,94861.1
1734998400000,98663.58,98627.2
1735084800000,99429.6,99379.7
1735171200000,95791.6,95751.0
1735257600000,94299.03,94258.9
1735344000000,95300.0,95259.1
1735430400000,93738.2,93700.0
1735516800000,92792.05,92759.3
1735603200000,93576.0,93548.9
1735689600000,94591.79,94580.9
1735776000000,96984.79,96967.5
1735862400000,98174.18,98145.7
1735948800000,98220.5,98173.2
1736035200000,98363.61,98340.2
1736121600000,102235.6,102180.4
1736208000000,96954.61,96920.3
1736294400000,95060.61,95014.1
1736380800000,92552.49,92505.9
1736467200000,94726.11,94675.5
1736553600000,94599.99,94562.5
1736640000000,94545.06,94499.9
1736726400000,94536.1,94485.3
1736812800000,96560.86,96514.9
1736899200000,100497.35,100460.0
1736985600000,99987.3,99937.4
1737072000000,104077.48,104042.5
1737158400000,104556.23,104524.3
1737244800000,101331.57,101311.5
1737331200000,102260.01,102247.6
1737417600000,106143.82,106114.5
1737504000000,103706.66,103664.9
1737590400000,103910.34,103864.1
1737676800000,104870.5,104808.1
1737763200000,104746.85,104702.0
1737849600000,102620.0,102560.1
1737936000000,102082.83,102021.3
1738022400000,101335.52,101279.6
1738108800000,103733.24,103698.2
1738195200000,104722.94,104676.9
1738281600000,102429.56,102379.7
1738368000000,100635.65,100603.6
1738454400000,97700.59,97664.5
1738540800000,101328.52,101293.7
1738627200000,97763.13,97709.9
1738713600000,96612.43,96553.2
1738800000000,96554.35,96515.1
1738886400000,96506.8,96454.5
1738972800000,96444.74,96411.9
1739059200000,96462.75,96423.6
1739145600000,97430.82,97379.2
1739232000000,95778.2,95731.4
1739318400000,97869.99,97816.3
1739404800000,96608.14,96560.6
1739491200000,97500.48,97445.1
1739577600000,97569.66,97538.0
1739664000000,96118.12,96067.0
1739750400000,95780.0,95743.2
1739836800000,95671.74,95622.0
1739923200000,96644.37,96598.0
1740009600000,98305.0,98252.9
1740096000000,96181.98,96127.9
1740182400000,96551.01,96503.3
1740268800000,96258.0,96218.4
1740355200000,91552.88,91514.5
1740441600000,88680.4,88639.1
1740528000000,84250.09,84208.5
1740614400000,84708.58,84668.1
1740700800000,84349.94,84299.6
1740787200000,86064.53,86007.7
1740873600000,94270.0,94222.8
1740960000000,86220.61,86192.7
1741046400000,87281.98,87245.9
1741132800000,90606.01,90566.1
1741219200000,89931.89,89887.8
1741305600000,86801.75,86753.8
1741392000000,86222.45,86184.7
1741478400000,80734.37,80688.8
1741564800000,78595.86,78567.8
1741651200000,82932.99,82896.0
1741737600000,83680.12,83640.7
1741824000000,81115.78,81085.4
1741910400000,83983.2,83939.8
1741996800000,84338.44,84302.9
1742083200000,82574.53,82541.6
1742169600000,84010.03,83962.9
1742256000000,82715.03,82666.1
1742342400000,86845.94,86809.8
1742428800000,84223.39,84183.6
1742515200000,84088.79,84050.3
1742601600000,83840.59,83804.9
1742688000000,86082.5,86044.2
1742774400000,87498.16,87463.4
1742860800000,87392.87,87369.8
1742947200000,86909.17,86873.8
1743033600000,87232.01,87191.2
1743120000000,84424.38,84380.8
1743206400000,82648.54,82604.7
1743292800000,82389.99,82352.8
1743379200000,82550.01,82517.5
1743465600000,85158.34,85120.9
1743552000000,82516.29,82485.1
1743638400000,83213.09,83181.5
1743724800000,83889.87,83861.3
1743811200000,83537.99,83506.1
1743897600000,78430.0,78390.0
1743984000000,79163.24,79140.0
1744070400000,76322.42,76297.9
1744156800000,82615.22,82588.0
1744243200000,79607.3,79560.2
1744329600000,83423.84,83378.3
1744416000000,85276.9,85237.8
1744502400000,83760.0,83713.7
1744588800000,84591.58,84553.9
1744675200000,83643.99,83608.7
1744761600000,84030.38,83990.0
1744848000000,84947.91,84915.0
1744934400000,84474.69,84421.0
1745020800000,85077.01,85046.9
1745107200000,85179.24,85138.8
1745193600000,87516.23,87466.0
1745280000000,93442.99,93404.9
1745366400000,93691.08,93632.1
1745452800000,93980.47,93931.6
1745539200000,94638.68,94591.8
1745625600000,94628.0,94575.7
1745712000000,93749.3,93697.1
1745798400000,95011.18,94969.0
1745884800000,94256.82,94200.1
1745971200000,94172.0,94125.1
1746057600000,96489.91,96423.3
1746144000000,96887.14,96831.2
1746230400000,95856.42,95803.3
1746316800000,94277.62,94230.2
1746403200000,94733.68,94696.7
1746489600000,96834.02,96798.9
1746576000000,97030.5,96988.4
1746662400000,103261.6,103228.1
1746748800000,102971.99,102941.9
1746835200000,104809.53,104788.8
1746921600000,104118.0,104072.7
1747008000000,102791.32,102739.3
1747094400000,104103.72,104082.0
1747180800000,103507.82,103458.1
1747267200000,103763.71,103714.5
1747353600000,103463.9,103412.2
1747440000000,103126.65,103079.6
1747526400000,106454.26,106407.6
1747612800000,105573.74,105531.6
1747699200000,106849.99,106800.1
1747785600000,109643.99,109609.5
1747872000000,111696.21,111662.7
1747958400000,107318.3,107271.5
1748044800000,107761.91,107698.9
1748131200000,109004.19,108955.9
1748217600000,109434.79,109386.8
1748304000000,108938.17,108889.3
1748390400000,107781.78,107723.1
1748476800000,105589.75,105539.9
1748563200000,103985.48,103950.0
1748649600000,104591.88,104544.7
1748736000000,105642.93,105583.3
1748822400000,105857.99,105814.3
1748908800000,105376.89,105330.1
1748995200000,104696.86,104641.8
1749081600000,101508.68,101458.6
1749168000000,104288.44,104240.0
1749254400000,105552.15,105507.5
1749340800000,105734.0,105676.5
1749427200000,110263.02,110227.9
1749513600000,110274.39,110235.4
1749600000000,108645.12,108600.0
1749686400000,105671.73,105609.5
1749772800000,106066.59,106027.3
1749859200000,105414.64,105359.9
1749945600000,105594.01,105534.6
1750032000000,106794.53,106750.1
1750118400000,104551.17,104508.0
1750204800000,104886.78,104832.8
1750291200000,104658.59,104607.1
1750377600000,103297.99,103246.1
1750464000000,102120.01,102079.8
1750550400000,100963.87,100904.7
1750636800000,105333.93,105290.9
1750723200000,106083.0,106034.9
1750809600000,107340.58,107280.0
1750896000000,106947.06,106913.7
1750982400000,107047.59,107010.7
1751068800000,107296.79,107241.0
1751155200000,108356.93,108309.8
1751241600000,107146.5,107087.4
1751328000000,105681.14,105637.9
1751414400000,108849.6,108800.0
1751500800000,109584.78,109545.2
1751587200000,107984.24,107935.4
1751673600000,108198.12,108153.4
1751760000000,109203.84,109145.8
1751846400000,108262.94,108203.9
1751932800000,108922.98,108873.1
1752019200000,111233.99,111199.9
1752105600000,116010.0,115979.2
1752192000000,117527.66,117500.0
1752278400000,117420.0,117389.3
1752364800000,119086.64,119038.3
1752451200000,119841.18,119816.5
1752537600000,117758.09,117738.5
1752624000000,118630.43,118590.7
1752710400000,119177.56,119176.6
1752796800000,117924.84,117896.4
1752883200000,117840.0,117814.4
1752969600000,117265.12,117216.0
1753056000000,117380.36,117330.2
1753142400000,119954.42,119993.7
1753228800000,118755.99,118713.5
1753315200000,118340.99,118294.3
1753401600000,117614.31,117583.5
1753488000000,117919.99,117889.2
1753574400000,119415.55,119423.4
1753660800000,118062.32,118041.4
1753747200000,117950.76,117897.0
1753833600000,117840.3,117771.0
1753920000000,115764.08,115697.3
1754006400000,113297.93,113244.8
1754092800000,112546.35,112508.8
1754179200000,114208.8,114150.8
1754265600000,115055.03,115002.1
1754352000000,114129.75,114069.6
1754438400000,114992.27,114941.0
1754524800000,117472.01,117419.9
1754611200000,116674.74,116628.2
1754697600000,116462.25,116422.1
1754784000000,119294.01,119255.3
1754870400000,118686.0,118641.9
1754956800000,120134.08,120081.0
1755043200000,123306.43,123323.9
1755129600000,118295.09,118242.2
1755216000000,117342.05,117279.2
1755302400000,117380.66,117329.7
1755388800000,117405.01,117353.8
1755475200000,116227.05,116183.6
1755561600000,112872.94,112824.2
1755648000000,114271.24,114220.5
1755734400000,112500.0,112462.2
1755820800000,116935.99,116897.5
1755907200000,115438.05,115377.1
1755993600000,113493.59,113446.3
1756080000000,110111.98,110064.0
1756166400000,111763.22,111709.9
1756252800000,111262.01,111194.9
1756339200000,112566.9,112507.3
1756425600000,108377.4,108332.4
1756512000000,108816.33,108757.9
1756598400000,108246.35,108208.4
1756684800000,109237.42,109187.9
1756771200000,111240.01,111188.0
1756857600000,111705.71,111659.8
1756944000000,110730.87,110679.4
1757030400000,110659.99,110614.9
1757116800000,110187.97,110135.3
1757203200000,111137.34,111076.0
1757289600000,112065.23,112012.6
1757376000000,111546.39,111499.9
1757462400000,113960.0,113896.8
1757548800000,115482.69,115427.0
1757635200000,116029.42,115978.4
1757721600000,115918.29,115862.7
1757808000000,115268.01,115210.0
1757894400000,115349.71,115300.6
1757980800000,116788.96,116747.3
1758067200000,116447.59,116402.5
1758153600000,117073.53,117017.1
1758240000000,115632.38,115569.5
1758326400000,115685.63,115624.9
1758412800000,115232.29,115183.9
1758499200000,112650.99,112604.7
1758585600000,111998.8,111947.0
1758672000000,113307.0,113254.0
1758758400000,108994.49,108934.5
1758844800000,109643.46,109588.5
1758931200000,109635.85,109577.3
1759017600000,112163.95,112119.6
1759104000000,114311.96,114257.1
1759190400000,114048.93,113988.8
1759276800000,118594.99,118552.4
1759363200000,120529.35,120481.3
1759449600000,122232.0,122182.7
1759536000000,122391.0,122343.2
1759622400000,123482.31,123426.7
1759708800000,124658.54,124628.5
1759795200000,121332.95,121286.5
1759881600000,123306.0,123237.5
1759968000000,121662.4,121579.3
1760054400000,112774.5,112714.9
1760140800000,110644.4,110579.1
1760227200000,114958.8,114894.4
1760313600000,115166.0,115111.9
1760400000000,113028.14,112983.8
1760486400000,110763.28,110699.0
1760572800000,108194.28,108129.4
1760659200000,106431.68,106378.6
1760745600000,107185.01,107117.5
1760832000000,108642.78,108586.2
1760918400000,110532.09,110469.9
1761004800000,108297.67,108253.7
1761091200000,107567.44,107532.0
1761177600000,110078.18,110025.9
1761264000000,111004.89,110965.4
1761350400000,111646.27,111589.4
1761436800000,114559.4,114497.8
1761523200000,114107.65,114064.1
1761609600000,112898.45,112833.5
1761696000000,110021.29,109985.6
1761782400000,108322.88,108263.5
1761868800000,109608.01,109557.3
1761955200000,110098.1,110047.2
1762041600000,110540.68,110494.9
1762128000000,106583.04,106544.0
1762214400000,101497.22,101450.3
1762300800000,103885.16,103837.0
1762387200000,101346.04,101305.6
1762473600000,103339.08,103305.2
1762560000000,102312.94,102269.3
1762646400000,104722.96,104670.6
1762732800000,106011.13,105966.3
1762819200000,103058.99,103005.8
1762905600000,101654.37,101605.8
1762992000000,99692.02,99654.3
1763078400000,94594.0,94544.9
1763164800000,95596.24,95560.3
1763251200000,94261.44,94221.7
1763337600000,92215.14,92169.7
1763424000000,92960.83,92916.9
1763510400000,91554.96,91508.9
1763596800000,86637.23,86601.3
1763683200000,85129.43,85093.5
1763769600000,84739.74,84689.4
1763856000000,86830.0,86807.7
1763942400000,88300.01,88247.1
1764028800000,87369.96,87324.1
1764115200000,90484.02,90438.1
1764201600000,91333.95,91292.2
1764288000000,90890.7,90847.8
1764374400000,90802.44,90765.0
1764460800000,90360.0,90320.6
1764547200000,86286.01,86241.6
1764633600000,91277.88,91249.1
1764720000000,93429.95,93376.7
1764806400000,92078.06,92034.7
1764892800000,89330.04,89288.5
1764979200000,89236.79,89197.1
1765065600000,90395.31,90345.4
1765152000000,90634.34,90610.8
1765238400000,92678.8,92638.4
1765324800000,92015.37,91977.5
1765411200000,92513.38,92477.5
1765497600000,90268.42,90229.6
1765584000000,90240.01,90191.3
1765670400000,88172.17,88118.8
1765756800000,86432.08,86389.9
1765843200000,87863.42,87826.3
1765929600000,86243.22,86201.6
1766016000000,85516.41,85469.7
1766102400000,88136.94,88100.0
1766188800000,88360.9,88320.8
1766275200000,88658.86,88621.3
1766361600000,88620.79,88581.5
1766448000000,87486.0,87463.0
1766534400000,87669.45,87627.3
1766620800000,87225.27,87182.8
1766707200000,87369.56,87318.2
1766793600000,87877.01,87829.4
1766880000000,87952.71,87920.5
1766966400000,87237.13,87203.3
1767052800000,88485.49,88455.3
1767139200000,87648.22,87608.2
1767225600000,88839.04,88800.0
1767312000000,89995.13,89951.4
1767398400000,90628.01,90595.8
1767484800000,91529.73,91497.1
1767571200000,93859.71,93822.4
1767657600000,93747.97,93708.0
1767744000000,91364.16,91328.0
1767830400000,91099.99,91059.8
1767916800000,90641.28,90603.6
1768003200000,90504.7,90469.6
1768089600000,91013.65,90964.4
1768176000000,91296.2,91252.6
1768262400000,95414.0,95375.2
1768348800000,96951.78,96907.9
1768435200000,95604.8,95567.3
1768521600000,95550.94,95503.7
1768608000000,95147.77,95107.9
1768694400000,93673.14,93614.0
1768780800000,92631.0,92589.6
1768867200000,88427.66,88390.6
1768953600000,89454.73,89411.4
1769040000000,89559.67,89518.5
1769126400000,89600.26,89558.7
1769212800000,89225.34,89180.7
1769299200000,86670.36,86628.9
1769385600000,88347.08,88300.6
1769472000000,89250.0,89197.8
1769558400000,89299.99,89261.7
1769644800000,84650.16,84604.7
