timestamp,spot_price,future_price,funding_rate
2023-05-06,28848.2,28837.8,
2023-05-07,28430.1,28419.4,0.00014414
2023-05-08,27668.79,27659.8,5.029e-05
2023-05-09,27628.27,27610.2,0.00012329
2023-05-10,27598.75,27582.9,0.00012329
2023-05-11,26968.62,26956.4,0.00013729
2023-05-12,26795.01,26785.1,0.00010359
2023-05-13,26775.28,26762.7,9.868999999999999e-05
2023-05-14,26917.62,26901.9,8.291e-05
2023-05-15,27162.14,27152.5,2.6410000000000003e-05
2023-05-16,27033.84,27024.8,0.00017625
2023-05-17,27405.61,27395.8,0.00019882
2023-05-18,26821.28,26809.3,0.00028342
2023-05-19,26880.26,26870.1,0.00011005
2023-05-20,27102.43,27089.5,6.919e-05
2023-05-21,26747.78,26732.8,0.00017109
2023-05-22,26849.27,26840.2,7.999e-05
2023-05-23,27219.61,27209.9,0.00030000000000000003
2023-05-24,26329.01,26313.8,0.00016429
2023-05-25,26473.79,26461.8,0.0002582
2023-05-26,26705.92,26689.9,0.00024536
2023-05-27,26854.27,26841.6,0.00023072000000000001
2023-05-28,28065.0,28055.7,0.0002988
2023-05-29,27736.4,27722.0,0.00030000000000000003
2023-05-30,27694.4,27680.1,0.00019084
2023-05-31,27210.35,27201.1,0.00015073000000000002
2023-06-01,26817.93,26805.3,0.00021737
2023-06-02,27242.59,27227.8,0.00023982
2023-06-03,27069.22,27054.9,0.00022986
2023-06-04,27115.21,27102.4,0.0002485
2023-06-05,25728.2,25714.7,0.00027393999999999997
2023-06-06,27230.08,27221.5,-5.9159999999999996e-05
2023-06-07,26339.34,26325.9,0.00024005
2023-06-08,26498.61,26485.9,0.00012605
2023-06-09,26477.81,26468.1,0.00018908
2023-06-10,25841.21,25826.6,0.00014973
2023-06-11,25925.55,25909.9,0.00013571999999999998
2023-06-12,25905.19,25894.8,0.00015349
2023-06-13,25934.25,25918.0,0.00022683000000000002
2023-06-14,25128.6,25115.9,8.815e-05
2023-06-15,25598.49,25586.1,9.615e-05
2023-06-16,26345.0,26336.0,4.988e-05
2023-06-17,26516.99,26508.9,0.00027411
2023-06-18,26339.97,26329.7,0.00018644
2023-06-19,26844.35,26828.5,0.00017127
2023-06-20,28307.99,28290.6,1.3049999999999999e-05
2023-06-21,29993.89,29988.5,0.00018846
2023-06-22,29884.92,29875.0,0.00029236
2023-06-23,30688.5,30673.4,0.00030000000000000003
2023-06-24,30527.43,30524.2,0.00030000000000000003
2023-06-25,30462.66,30458.0,0.00030000000000000003
2023-06-26,30267.99,30260.1,0.00030000000000000003
2023-06-27,30692.44,30683.2,0.00030000000000000003
2023-06-28,30077.41,30066.3,0.000239
2023-06-29,30447.31,30439.9,0.00025874000000000003
2023-06-30,30472.0,30460.2,0.00030000000000000003
2023-07-01,30585.9,30573.6,0.00030000000000000003
2023-07-02,30617.03,30612.7,0.00030000000000000003
2023-07-03,31156.2,31149.0,0.00030000000000000003
2023-07-04,30766.51,30756.1,0.00030000000000000003
2023-07-05,30504.81,30488.4,0.00030000000000000003
2023-07-06,29895.43,29874.4,0.00019212
2023-07-07,30344.7,30327.9,4.2609999999999994e-05
2023-07-08,30284.63,30269.3,8.074e-05
2023-07-09,30160.71,30147.8,0.00018680999999999998
2023-07-10,30411.57,30396.9,5.663e-05
2023-07-11,30622.1,30608.4,0.00020229
2023-07-12,30380.0,30368.9,0.0001817
2023-07-13,31454.23,31441.7,5.514e-05
2023-07-14,30312.01,30293.3,0.00030000000000000003
2023-07-15,30289.52,30276.4,-1.3220000000000002e-05
2023-07-16,30231.99,30216.8,0.00014348
2023-07-17,30138.0,30126.1,0.00015324000000000002
2023-07-18,29859.13,29845.6,0.00018258
2023-07-19,29909.21,29895.5,0.00022914000000000002
2023-07-20,29800.0,29791.0,0.00017856
2023-07-21,29901.72,29891.4,7.371e-05
2023-07-22,29794.0,29783.5,3.316e-05
2023-07-23,30083.75,30070.8,0.0002228
2023-07-24,29176.5,29163.8,0.00024338000000000002
2023-07-25,29228.91,29216.3,0.0002408
2023-07-26,29351.96,29336.0,0.00025219
2023-07-27,29222.78,29209.7,9.842e-05
2023-07-28,29314.14,29299.9,0.00021048
2023-07-29,29352.9,29339.1,0.00022097000000000002
2023-07-30,29281.09,29271.1,0.00018068
2023-07-31,29232.25,29220.8,0.0001797
2023-08-01,29705.99,29701.2,0.00023068
2023-08-02,29186.01,29170.1,0.00030000000000000003
2023-08-03,29193.64,29180.2,0.00030000000000000003
2023-08-04,29113.99,29101.1,0.00028116
2023-08-05,29072.13,29057.7,0.00024181000000000002
2023-08-06,29088.42,29075.9,0.00030000000000000003
2023-08-07,29211.06,29202.7,0.00027669
2023-08-08,29770.42,29759.0,0.0002508
2023-08-09,29581.99,29572.8,0.00026514
2023-08-10,29455.75,29443.7,0.00028277
2023-08-11,29426.03,29415.5,0.00027123
2023-08-12,29430.17,29420.7,0.00029305
2023-08-13,29303.84,29293.3,0.00024637
2023-08-14,29430.93,29419.5,0.00030000000000000003
2023-08-15,29200.0,29188.8,0.00030000000000000003
2023-08-16,28730.51,28714.4,0.00030000000000000003
2023-08-17,26623.41,26609.7,0.00030000000000000003
2023-08-18,26054.0,26042.1,0.0001512
2023-08-19,26100.01,26088.3,-5.8819999999999996e-05
2023-08-20,26189.99,26175.9,-7.626e-05
2023-08-21,26126.92,26115.4,-3.6e-05
2023-08-22,26056.0,26044.4,8.12e-06
2023-08-23,26432.72,26419.2,2.9659999999999997e-05
2023-08-24,26180.05,26164.6,4.5839999999999995e-05
2023-08-25,26060.01,26051.7,7.361e-05
2023-08-26,26017.37,26004.3,0.0001125
2023-08-27,26101.77,26087.7,5.3070000000000005e-05
2023-08-28,26120.0,26106.5,8.553e-05
2023-08-29,27716.34,27700.1,-6.340999999999999e-05
2023-08-30,27299.99,27290.4,0.00014543
2023-08-31,25940.78,25928.0,0.00017873000000000002
2023-09-01,25805.05,25795.6,0.00014805
2023-09-02,25869.51,25855.8,4.917e-05
2023-09-03,25971.21,25962.1,7.964e-05
2023-09-04,25826.02,25814.0,3.1e-05
2023-09-05,25792.1,25779.7,5.394e-05
2023-09-06,25759.95,25747.4,1.109e-05
2023-09-07,26255.0,26240.7,0.00014637
2023-09-08,25910.5,25899.8,-2.704e-05
2023-09-09,25901.61,25892.6,-4.011e-05
2023-09-10,25841.61,25828.4,5.8299999999999994e-05
2023-09-11,25162.52,25150.4,3.361e-05
2023-09-12,25840.1,25825.8,4.653e-05
2023-09-13,26222.0,26209.9,6.701e-05
2023-09-14,26522.73,26510.3,-8.590000000000004e-06
2023-09-15,26600.0,26591.1,4.159e-05
2023-09-16,26559.67,26546.9,-8.862e-05
2023-09-17,26527.51,26514.2,2.688e-05
2023-09-18,26762.51,26749.9,-6.703e-05
2023-09-19,27210.26,27196.0,-1.2600000000000001e-05
2023-09-20,27125.0,27107.7,-7.382000000000001e-05
2023-09-21,26568.08,26552.6,0.00011703
2023-09-22,26580.14,26566.7,3.1079999999999994e-05
2023-09-23,26575.96,26563.1,8.441e-05
2023-09-24,26248.38,26232.4,6.215999999999999e-05
2023-09-25,26304.81,26290.5,0.00012097
2023-09-26,26221.67,26208.8,5.009999999999994e-06
2023-09-27,26372.99,26359.6,0.00015396
2023-09-28,27021.39,27011.8,-5.639e-05
2023-09-29,26906.96,26890.9,-5.9850000000000005e-05
2023-09-30,26962.56,26950.9,4.032e-05
2023-10-01,27992.57,27981.4,-2.5869999999999998e-05
2023-10-02,27494.51,27477.6,5.0820000000000005e-05
2023-10-03,27426.46,27412.0,8.339e-05
2023-10-04,27778.57,27759.8,9.374000000000001e-05
2023-10-05,27410.39,27398.4,-0.00010376999999999999
2023-10-06,27931.09,27916.3,-2.819e-05
2023-10-07,27956.67,27943.0,7.056e-05
2023-10-08,27917.05,27901.2,6.451e-05
2023-10-09,27590.12,27578.3,0.00015345000000000002
2023-10-10,27390.12,27381.2,0.00012791000000000001
2023-10-11,26875.52,26864.5,0.00020567
2023-10-12,26759.63,26744.0,0.00019965
2023-10-13,26862.0,26849.8,6.659e-05
2023-10-14,26852.48,26836.3,4.772e-05
2023-10-15,27154.15,27139.8,5.007e-05
2023-10-16,28500.78,28486.3,0.00010183
2023-10-17,28395.91,28381.9,-6.140000000000002e-06
2023-10-18,28320.0,28307.1,-2.9149999999999997e-05
2023-10-19,28713.71,28696.9,-0.00012658
2023-10-20,29669.04,29653.0,-4.647000000000001e-05
2023-10-21,29909.8,29895.4,8.616e-05
2023-10-22,29992.46,29981.5,8.261e-05
2023-10-23,33069.99,33074.0,0.00018488
2023-10-24,33922.73,33917.0,0.00030000000000000003
2023-10-25,34496.05,34487.7,0.00030000000000000003
2023-10-26,34151.66,34154.0,0.00030000000000000003
2023-10-27,33892.02,33893.1,0.00030000000000000003
2023-10-28,34081.0,34086.6,0.00030000000000000003
2023-10-29,34525.89,34528.6,0.00030000000000000003
2023-10-30,34474.73,34483.8,0.00030000000000000003
2023-10-31,34639.77,34651.4,0.00030000000000000003
2023-11-01,35421.43,35437.4,0.00030000000000000003
2023-11-02,34941.59,34940.1,0.00030000000000000003
2023-11-03,34716.78,34700.4,0.00030000000000000003
2023-11-04,35062.07,35069.7,0.00030000000000000003
2023-11-05,35011.88,35025.5,0.00030000000000000003
2023-11-06,35046.09,35057.4,0.00030000000000000003
2023-11-07,35399.12,35406.5,0.00030000000000000003
2023-11-08,35624.72,35626.7,0.00030000000000000003
2023-11-09,36701.09,36719.5,0.00040027
2023-11-10,37301.63,37330.4,0.00031682
2023-11-11,37130.0,37162.1,0.00041254999999999997
2023-11-12,37064.13,37085.5,0.00066138
2023-11-13,36462.93,36486.2,0.0006385200000000001
2023-11-14,35551.19,35559.0,0.00048228
2023-11-15,37858.2,37885.6,0.00030000000000000003
2023-11-16,36163.51,36176.0,0.00037213000000000003
2023-11-17,36613.92,36621.9,0.00030000000000000003
2023-11-18,36568.1,36580.9,0.00030000000000000003
2023-11-19,37359.86,37375.9,0.00030000000000000003
2023-11-20,37448.78,37462.5,0.00030000000000000003
2023-11-21,35741.65,35737.0,0.00030000000000000003
2023-11-22,37408.34,37413.4,0.00030000000000000003
2023-11-23,37294.28,37294.3,0.00030000000000000003
2023-11-24,37713.57,37706.3,0.00030000000000000003
2023-11-25,37780.67,37766.6,0.00030000000000000003
2023-11-26,37447.43,37437.9,0.00030000000000000003
2023-11-27,37242.7,37234.3,0.00030000000000000003
2023-11-28,37818.87,37812.1,0.00030000000000000003
2023-11-29,37854.64,37837.1,0.00030000000000000003
2023-11-30,37723.96,37716.8,0.00030000000000000003
2023-12-01,38682.52,38660.0,0.00030000000000000003
2023-12-02,39450.35,39435.0,0.00025464
2023-12-03,39972.26,39979.7,0.00030000000000000003
2023-12-04,41991.1,41993.1,0.00030000000000000003
2023-12-05,44073.32,44081.7,0.00030000000000000003
2023-12-06,43762.69,43774.8,0.00030000000000000003
2023-12-07,43273.14,43296.0,0.00030000000000000003
2023-12-08,44170.99,44209.5,0.0005353000000000001
2023-12-09,43713.6,43734.3,0.00058855
2023-12-10,43789.51,43810.0,0.0006503
2023-12-11,41253.4,41271.0,0.00034730000000000004
2023-12-12,41492.39,41515.0,0.00030000000000000003
2023-12-13,42869.03,42875.0,0.00034672
2023-12-14,43022.26,43032.4,0.00030000000000000003
2023-12-15,41940.3,41968.0,0.00030000000000000003
2023-12-16,42278.03,42287.4,0.00030000000000000003
2023-12-17,41374.65,41396.5,0.00030000000000000003
2023-12-18,42657.8,42671.7,0.00038966
2023-12-19,42275.99,42298.3,0.00030000000000000003
2023-12-20,43668.93,43708.9,0.00044143
2023-12-21,43861.8,43896.3,0.00085307
2023-12-22,43969.04,43999.2,0.00078427
2023-12-23,43702.16,43725.2,0.00041351
2023-12-24,42991.5,43008.4,0.00050519
2023-12-25,43576.13,43611.9,0.00057908
2023-12-26,42508.93,42538.5,0.00096707
2023-12-27,43428.85,43453.8,0.00097867
2023-12-28,42563.76,42600.1,0.00101052
2023-12-29,42066.95,42095.1,0.00152164
2023-12-30,42140.28,42174.2,0.00114455
2023-12-31,42283.58,42314.0,0.00096025
2024-01-01,44179.55,44230.2,0.00098223
2024-01-02,44946.91,44979.8,0.00154755
2024-01-03,42845.23,42849.5,0.00048282
2024-01-04,44151.1,44143.8,0.00030000000000000003
2024-01-05,44145.11,44145.4,0.00030000000000000003
2024-01-06,43968.32,43956.7,0.00030000000000000003
2024-01-07,43929.02,43916.9,0.00030000000000000003
2024-01-08,46951.04,46972.7,0.00030000000000000003
2024-01-09,46110.0,46114.0,0.00030000000000000003
2024-01-10,46653.99,46662.9,0.00030000000000000003
2024-01-11,46339.16,46337.8,0.00030000000000000003
2024-01-12,42782.73,42788.9,0.00030000000000000003
2024-01-13,42847.99,42846.4,0.00030000000000000003
2024-01-14,41732.35,41734.9,0.00030000000000000003
2024-01-15,42511.1,42515.0,0.00030000000000000003
2024-01-16,43137.95,43133.0,0.00030000000000000003
2024-01-17,42776.1,42783.4,0.00030000000000000003
2024-01-18,41327.5,41323.1,0.00030000000000000003
2024-01-19,41659.03,41662.2,0.00030000000000000003
2024-01-20,41696.04,41691.8,0.00030000000000000003
2024-01-21,41580.33,41580.0,0.00030000000000000003
2024-01-22,39568.02,39567.0,0.00030000000000000003
2024-01-23,39897.6,39890.0,0.00030000000000000003
2024-01-24,40084.88,40078.7,0.00030000000000000003
2024-01-25,39961.09,39953.3,0.00030000000000000003
2024-01-26,41823.51,41806.4,0.00030000000000000003
2024-01-27,42120.63,42102.2,0.00027266
2024-01-28,42031.06,42021.2,0.00024725
2024-01-29,43302.7,43287.7,0.00029142
2024-01-30,42941.1,42918.3,0.00024641
2024-01-31,42580.0,42560.5,0.00022154
2024-02-01,43082.94,43072.6,0.00030000000000000003
2024-02-02,43200.0,43182.0,0.00030000000000000003
2024-02-03,43011.09,42992.4,0.00024697
2024-02-04,42582.88,42570.3,0.00027153
2024-02-05,42708.7,42692.9,0.00030000000000000003
2024-02-06,43098.95,43079.1,0.00026723000000000003
2024-02-07,44349.6,44326.2,0.00021206
2024-02-08,45288.65,45269.1,0.00019125000000000001
2024-02-09,47132.77,47116.1,0.00022961000000000002
2024-02-10,47751.09,47732.6,0.00028041000000000003
2024-02-11,48299.99,48303.4,0.00030000000000000003
2024-02-12,49917.27,49943.6,0.00030000000000000003
2024-02-13,49699.59,49696.4,0.00030000000000000003
2024-02-14,51795.17,51823.2,0.00032282999999999997
2024-02-15,51880.0,51898.5,0.00030000000000000003
2024-02-16,52124.11,52148.6,0.00030000000000000003
2024-02-17,51642.64,51679.4,0.00036041000000000003
2024-02-18,52137.67,52175.9,0.0004964
2024-02-19,51774.73,51813.8,0.00055985
2024-02-20,52258.82,52297.4,0.00041631999999999997
2024-02-21,51849.39,51877.8,0.00031242
2024-02-22,51288.42,51316.9,0.00036037
2024-02-23,50744.15,50771.9,0.00032991
2024-02-24,51568.22,51602.1,0.00030000000000000003
2024-02-25,51728.85,51764.9,0.00041512
2024-02-26,54476.47,54511.6,0.00075555
2024-02-27,57037.34,57074.5,0.0012874800000000001
2024-02-28,62432.1,62487.9,0.0010394900000000001
2024-02-29,61130.98,61203.3,0.0020245899999999997
2024-03-01,62387.9,62430.6,0.00164156
2024-03-02,61987.28,62039.9,0.0014699600000000002
2024-03-03,63113.97,63178.5,0.00133854
2024-03-04,68245.71,68296.4,0.00165524
2024-03-05,63724.01,63747.4,0.00220077
2024-03-06,66074.04,66128.1,0.0011951
2024-03-07,66823.17,66870.0,0.00125512
2024-03-08,68124.19,68180.2,0.00141229
2024-03-09,68313.27,68360.1,0.00076822
2024-03-10,68955.88,69001.8,0.0014894
2024-03-11,72078.1,72153.8,0.00180313
2024-03-12,71452.01,71503.2,0.00137705
2024-03-13,73072.41,73127.6,0.00143046
2024-03-14,71388.94,71455.5,0.00101404
2024-03-15,69499.85,69552.2,0.00068149
2024-03-16,65300.63,65351.0,0.00054015
2024-03-17,68393.48,68447.9,0.00055689
2024-03-18,67609.99,67660.0,0.00077973
2024-03-19,61937.4,61974.1,0.00080006
2024-03-20,67840.51,67876.4,0.00044235
2024-03-21,65501.27,65539.9,0.00049217
2024-03-22,63796.64,63826.0,0.00038264
2024-03-23,63990.01,64020.3,0.00030806000000000003
2024-03-24,67209.99,67260.9,0.00040851
2024-03-25,69880.01,69920.5,0.00070688
2024-03-26,69988.0,70044.1,0.00067075
2024-03-27,69469.99,69532.6,0.00101939
2024-03-28,70780.6,70838.7,0.00083524
2024-03-29,69850.54,69903.6,0.00073876
2024-03-30,69582.18,69642.1,0.0008625099999999999
2024-03-31,71280.01,71363.0,0.0011254099999999999
2024-04-01,69649.8,69700.0,0.00131121
2024-04-02,65463.99,65505.3,0.00037382
2024-04-03,65963.28,65971.9,0.00030000000000000003
2024-04-04,68487.79,68489.9,0.00030000000000000003
2024-04-05,67820.62,67825.7,0.00030000000000000003
2024-04-06,68896.0,68901.6,0.00030000000000000003
2024-04-07,69360.39,69362.7,0.00030000000000000003
2024-04-08,71620.0,71678.4,0.00055189
2024-04-09,69146.0,69189.3,0.0006057899999999999
2024-04-10,70631.08,70681.7,0.00034386000000000003
2024-04-11,70006.23,70055.7,0.00053895
2024-04-12,67116.52,67136.4,0.00049102
2024-04-13,63924.51,63939.7,0.00030000000000000003
2024-04-14,65661.84,65615.9,0.00030000000000000003
2024-04-15,63419.99,63392.7,0.00021759
2024-04-16,63793.39,63765.0,0.00018991
2024-04-17,61277.37,61254.5,0.00016483
2024-04-18,63470.08,63445.0,9.585e-05
2024-04-19,63818.01,63787.4,9.401e-05
2024-04-20,64940.59,64897.2,0.00013438
2024-04-21,64941.15,64912.6,9.364e-05
2024-04-22,66819.32,66778.0,7.804e-05
2024-04-23,66414.0,66386.3,2.9210000000000003e-05
2024-04-24,64289.59,64250.0,0.00013761999999999997
2024-04-25,64498.34,64478.8,0.00012229
2024-04-26,63770.01,63748.8,7.956e-05
2024-04-27,63461.98,63421.0,0.00020304
2024-04-28,63118.62,63088.3,1.7070000000000004e-05
2024-04-29,63866.0,63842.4,0.00014844
2024-04-30,60672.0,60651.2,0.00028894
2024-05-01,58364.97,58307.6,0.00028848000000000003
2024-05-02,59060.61,59036.7,0.0001268
2024-05-03,62882.01,62853.7,2.7779999999999995e-05
2024-05-04,63892.04,63864.2,0.00016423000000000002
2024-05-05,64012.0,63988.0,0.00011446000000000001
2024-05-06,63165.19,63142.8,7.316999999999999e-05
2024-05-07,62312.08,62296.0,0.00016673
2024-05-08,61193.03,61157.9,0.00019736
2024-05-09,63074.01,63050.1,0.00016216
2024-05-10,60799.99,60778.1,0.00014613
2024-05-11,60825.99,60809.2,0.00017719
2024-05-12,61483.99,61455.8,0.00015434
2024-05-13,62940.08,62912.1,0.0002762
2024-05-14,61577.49,61550.5,0.00024258
2024-05-15,66206.5,66175.4,0.00011988
2024-05-16,65235.21,65217.7,0.00010794
2024-05-17,67024.0,66980.0,5.164e-05
2024-05-18,66915.2,66884.9,7.848e-05
2024-05-19,66274.01,66239.4,0.00013328
2024-05-20,71446.62,71466.5,0.00010638
2024-05-21,70148.34,70168.8,0.00030517
2024-05-22,69166.62,69219.1,0.00035758999999999997
2024-05-23,67969.65,67999.9,0.00030000000000000003
2024-05-24,68549.99,68584.1,0.00030000000000000003
2024-05-25,69290.57,69314.4,0.00030000000000000003
2024-05-26,68507.67,68524.3,0.00030000000000000003
2024-05-27,69436.43,69461.6,0.00030000000000000003
2024-05-28,68398.39,68440.5,0.00030000000000000003
2024-05-29,67652.42,67686.7,0.00032558
2024-05-30,68352.17,68402.5,0.00030000000000000003
2024-05-31,67540.01,67577.9,0.00036867000000000003
2024-06-01,67766.85,67799.2,0.00030250000000000003
2024-06-02,67765.63,67805.9,0.00030000000000000003
2024-06-03,68809.9,68851.4,0.00034135
2024-06-04,70537.84,70580.0,0.00032008000000000004
2024-06-05,71108.0,71133.3,0.00039612999999999996
2024-06-06,70799.06,70830.0,0.00032208
2024-06-07,69355.6,69377.0,0.00030166000000000004
2024-06-08,69310.46,69346.5,0.00030000000000000003
2024-06-09,69648.14,69667.1,0.00030000000000000003
2024-06-10,69540.0,69558.7,0.00030000000000000003
2024-06-11,67314.24,67320.7,0.00030000000000000003
2024-06-12,68263.99,68270.3,0.00030000000000000003
2024-06-13,66773.01,66786.9,0.00030000000000000003
2024-06-14,66043.99,66039.7,0.00030000000000000003
2024-06-15,66228.25,66213.7,0.00030000000000000003
2024-06-16,66676.87,66653.6,0.00030000000000000003
2024-06-17,66504.33,66472.1,0.00030000000000000003
2024-06-18,65175.32,65150.0,0.00028236
2024-06-19,64974.37,64933.6,0.00017094
2024-06-20,64869.99,64854.0,0.00016766
2024-06-21,64143.56,64124.0,0.00020672000000000003
2024-06-22,64262.01,64240.0,0.00024146
2024-06-23,63210.01,63194.9,0.00016983
2024-06-24,60293.3,60273.6,0.00027022
2024-06-25,61806.01,61777.8,0.00021148
2024-06-26,60864.99,60860.1,0.00030000000000000003
2024-06-27,61706.47,61682.0,0.00030000000000000003
2024-06-28,60427.84,60429.8,0.00030000000000000003
2024-06-29,60986.68,60982.4,0.00030000000000000003
2024-06-30,62772.01,62766.0,0.00030000000000000003
2024-07-01,62899.99,62883.6,0.00030000000000000003
2024-07-02,62135.47,62123.6,0.00030000000000000003
2024-07-03,60208.58,60208.0,0.00030000000000000003
2024-07-04,57050.01,57045.9,0.00030000000000000003
2024-07-05,56628.79,56604.9,0.00021762000000000002
2024-07-06,58230.13,58216.0,0.00016491
2024-07-07,55857.81,55830.9,0.00028164
2024-07-08,56714.62,56686.4,0.00026126999999999997
2024-07-09,58050.0,58023.2,0.00020861000000000002
2024-07-10,57725.85,57707.0,0.0002471
2024-07-11,57339.89,57315.5,0.00030000000000000003
2024-07-12,57889.1,57870.0,0.00013441
2024-07-13,59204.02,59174.0,0.00025184000000000003
2024-07-14,60797.91,60766.0,0.00020789
2024-07-15,64724.14,64680.6,7.278e-05
2024-07-16,65043.99,65010.0,6.469e-05
2024-07-17,64087.99,64055.7,4.989999999999998e-06
2024-07-18,63987.92,63959.9,5.362e-05
2024-07-19,66660.0,66627.9,0.0001349
2024-07-20,67139.96,67095.6,4.890000000000002e-06
2024-07-21,68165.34,68138.0,-2.4730000000000002e-05
2024-07-22,67532.01,67499.2,0.00017858000000000001
2024-07-23,65936.01,65916.4,0.00013661
2024-07-24,65376.0,65350.8,0.00030000000000000003
2024-07-25,65799.95,65773.0,0.00030000000000000003
2024-07-26,67907.99,67882.5,0.0002334
2024-07-27,67896.5,67873.8,0.00023678
2024-07-28,68249.88,68215.5,0.00020161
2024-07-29,66784.69,66750.0,0.00023984
2024-07-30,66188.0,66159.3,0.00014649
2024-07-31,64628.0,64601.8,0.00014067
2024-08-01,65354.02,65328.9,0.00028208
2024-08-02,61498.33,61483.7,0.00030000000000000003
2024-08-03,60697.99,60684.6,0.00024035000000000001
2024-08-04,58161.0,58144.5,0.00025343
2024-08-05,54018.81,54003.1,0.00020396
2024-08-06,56022.01,55991.2,5.206e-05
2024-08-07,55134.16,55102.9,-4.3480000000000004e-05
2024-08-08,61685.99,61659.8,6.87e-05
2024-08-09,60837.99,60808.6,0.00012024
2024-08-10,60923.51,60889.9,-7.27e-05
2024-08-11,58712.59,58693.1,3.395e-05
2024-08-12,59346.64,59323.6,7.658e-05
2024-08-13,60587.15,60550.5,2.759e-05
2024-08-14,58683.39,58648.1,-7.989e-05
2024-08-15,57541.06,57511.0,-8.33e-05
2024-08-16,58874.6,58854.9,-0.00019178999999999998
2024-08-17,59491.99,59468.5,5.937e-05
2024-08-18,58427.35,58390.0,-5.059999999999996e-06
2024-08-19,59438.5,59398.5,-0.00012323
2024-08-20,59013.8,58982.9,1.1199999999999994e-06
2024-08-21,61156.03,61120.0,-6.951e-05
2024-08-22,60375.84,60349.9,-8.151999999999999e-05
2024-08-23,64037.24,64019.9,-5.2550000000000003e-05
2024-08-24,64157.01,64116.5,4.9e-05
2024-08-25,64220.0,64190.2,-3.229e-05
2024-08-26,62834.0,62807.6,9.676e-05
2024-08-27,59415.0,59384.5,0.00012299
2024-08-28,59034.9,59010.0,-3.227e-05
2024-08-29,59359.01,59323.2,-2.061e-05
2024-08-30,59123.99,59096.3,7.441e-05
2024-08-31,58973.99,58941.9,5.6290000000000005e-05
2024-09-01,57301.86,57268.1,2.9900000000000044e-06
2024-09-02,59132.13,59112.1,-3.501e-05
2024-09-03,57487.73,57451.9,0.00015966
2024-09-04,57970.9,57944.8,1.789e-05
2024-09-05,56180.0,56145.7,0.00013531
2024-09-06,53962.97,53927.7,3.7069999999999996e-05
2024-09-07,54160.86,54134.9,-0.00015427000000000003
2024-09-08,54869.95,54839.6,-7.499e-05
2024-09-09,57042.0,57010.0,-0.00018568
2024-09-10,57635.99,57609.1,-0.00010084
2024-09-11,57338.0,57306.0,-0.00016412000000000002
2024-09-12,58132.32,58097.0,-5.447e-05
2024-09-13,60498.0,60456.2,-3.381e-05
2024-09-14,59993.03,59964.0,-5.5140000000000004e-05
2024-09-15,59132.0,59100.5,-8.8e-07
2024-09-16,58213.99,58187.0,0.00012728000000000001
2024-09-17,60313.99,60281.0,0.00015767
2024-09-18,61759.99,61735.3,7.67e-05
2024-09-19,62947.99,62926.9,0.00010533000000000001
2024-09-20,63201.05,63175.7,0.00013105000000000001
2024-09-21,63348.96,63320.6,0.00022872000000000002
2024-09-22,63578.76,63558.4,0.00021076
2024-09-23,63339.99,63302.0,0.00013214
2024-09-24,64262.7,64243.1,5.037e-05
2024-09-25,63152.01,63118.4,3.7e-05
2024-09-26,65173.99,65139.2,0.00017895999999999998
2024-09-27,65769.95,65749.6,0.00018997
2024-09-28,65858.0,65822.6,0.00015169
2024-09-29,65602.01,65568.1,0.00011106
2024-09-30,63327.59,63309.1,0.00021016
2024-10-01,60805.78,60776.8,0.00030000000000000003
2024-10-02,60649.28,60622.6,0.00023232
2024-10-03,60752.71,60727.2,0.00013117
2024-10-04,62086.0,62054.4,9.459e-05
2024-10-05,62058.0,62023.1,3.53e-06
2024-10-06,62819.91,62789.3,8.04e-05
2024-10-07,62224.0,62190.7,5.798e-05
2024-10-08,62160.49,62131.7,0.00013516
2024-10-09,60636.02,60606.4,0.00023077
2024-10-10,60326.39,60293.2,0.00013622
2024-10-11,62540.0,62509.0,4.770000000000002e-06
2024-10-12,63206.22,63176.0,0.00010733
2024-10-13,62870.02,62839.8,6.269e-05
2024-10-14,66083.99,66064.9,0.00025429
2024-10-15,67074.14,67044.1,0.00030000000000000003
2024-10-16,67620.01,67592.0,0.00026825000000000004
2024-10-17,67421.78,67401.5,0.00030000000000000003
2024-10-18,68428.0,68407.8,0.00030000000000000003
2024-10-19,68378.0,68357.1,0.00030000000000000003
2024-10-20,69031.99,69020.1,0.00030000000000000003
2024-10-21,67377.5,67368.8,0.00030000000000000003
2024-10-22,67426.0,67406.4,0.00030000000000000003
2024-10-23,66668.65,66647.2,0.00030000000000000003
2024-10-24,68198.28,68173.8,0.00030000000000000003
2024-10-25,66698.33,66662.8,0.00030000000000000003
2024-10-26,67092.76,67071.8,0.00022323999999999998
2024-10-27,68021.7,67992.6,0.00029724
2024-10-28,69962.21,69940.0,0.00028371
2024-10-29,72736.42,72739.5,0.00030000000000000003
2024-10-30,72344.74,72349.0,0.00030000000000000003
2024-10-31,70292.01,70321.9,0.00030000000000000003
2024-11-01,69496.01,69495.5,0.00030000000000000003
2024-11-02,69374.74,69366.6,0.00030000000000000003
2024-11-03,68775.99,68762.5,0.00030000000000000003
2024-11-04,67850.01,67834.3,0.00030000000000000003
2024-11-05,69372.01,69353.1,0.00030000000000000003
2024-11-06,75571.99,75579.9,0.00030000000000000003
2024-11-07,75857.89,75859.4,0.00030000000000000003
2024-11-08,76509.78,76482.2,0.00030000000000000003
2024-11-09,76677.46,76675.1,0.00030000000000000003
2024-11-10,80370.01,80410.0,0.00049716
2024-11-11,88647.99,88728.9,0.00056878
2024-11-12,87952.01,87972.0,0.00131624
2024-11-13,90375.2,90413.3,0.00044957
2024-11-14,87325.59,87382.7,0.00030000000000000003
2024-11-15,91032.07,91074.6,0.00030977
2024-11-16,90586.92,90643.3,0.00033231000000000005
2024-11-17,89855.99,89899.9,0.00036342000000000004
2024-11-18,90464.08,90507.4,0.00067768
2024-11-19,92310.79,92335.9,0.00069781
2024-11-20,94286.56,94288.0,0.00030000000000000003
2024-11-21,98317.12,98366.8,0.00030000000000000003
2024-11-22,98892.0,98921.4,0.00030000000000000003
2024-11-23,97672.4,97725.5,0.00030000000000000003
2024-11-24,97900.04,97960.4,0.00049376
2024-11-25,93010.01,93064.0,0.00056268
2024-11-26,91965.16,92021.4,0.0006943699999999999
2024-11-27,95863.11,95905.2,0.00058
2024-11-28,95643.98,95694.4,0.00036185
2024-11-29,97460.0,97516.3,0.00054287
2024-11-30,96407.99,96475.1,0.00037972
2024-12-01,97185.18,97265.1,0.00045482000000000004
2024-12-02,95840.62,95890.5,0.00063669
2024-12-03,95849.69,95913.3,0.00049657
2024-12-04,98587.32,98669.8,0.00076122
2024-12-05,96945.63,97001.5,0.0014713
2024-12-06,99740.84,99802.5,0.00034634
2024-12-07,99831.99,99899.2,0.00058436
2024-12-08,101109.59,101200.0,0.00051137
2024-12-09,97276.47,97349.1,0.0006256
2024-12-10,96593.0,96602.4,0.00030000000000000003
2024-12-11,101125.0,101115.3,0.00030000000000000003
2024-12-12,100004.29,99982.4,0.00030000000000000003
2024-12-13,101424.25,101371.9,0.00030000000000000003
2024-12-14,101420.0,101381.0,0.0002675
2024-12-15,104463.99,104460.4,0.00028194
2024-12-16,106058.66,106023.2,0.00029181
2024-12-17,106133.74,106074.6,0.00027866
2024-12-18,100204.01,100181.1,0.00029159
2024-12-19,97461.86,97434.4,0.00030000000000000003
2024-12-20,97805.44,97764.4,0.00030000000000000003
2024-12-21,97291.99,97261.8,0.00021206000000000003
2024-12-22,95186.27,95153.5,0.00029629
2024-12-23,94881.47,94861.1,0.00028981
2024-12-24,98663.58,98627.2,0.00030000000000000003
2024-12-25,99429.6,99379.7,0.00030000000000000003
2024-12-26,95791.6,95751.0,0.00025865
2024-12-27,94299.03,94258.9,0.00030000000000000003
2024-12-28,95300.0,95259.1,0.00022812
2024-12-29,93738.2,93700.0,0.00028013
2024-12-30,92792.05,92759.3,0.00018749
2024-12-31,93576.0,93548.9,0.00030000000000000003
2025-01-01,94591.79,94580.9,0.00030000000000000003
2025-01-02,96984.79,96967.5,0.00030000000000000003
2025-01-03,98174.18,98145.7,0.00025242
2025-01-04,98220.5,98173.2,0.00018497
2025-01-05,98363.61,98340.2,0.0002832
2025-01-06,102235.6,102180.4,0.00030000000000000003
2025-01-07,96954.61,96920.3,0.00027182
2025-01-08,95060.61,95014.1,0.00030000000000000003
2025-01-09,92552.49,92505.9,0.0001929
2025-01-10,94726.11,94675.5,0.00010983999999999999
2025-01-11,94599.99,94562.5,0.00012343
2025-01-12,94545.06,94499.9,0.00014866
2025-01-13,94536.1,94485.3,0.00013136
2025-01-14,96560.86,96514.9,0.00029496000000000004
2025-01-15,100497.35,100460.0,0.00019628
2025-01-16,99987.3,99937.4,0.00012894
2025-01-17,104077.48,104042.5,0.00017414999999999998
2025-01-18,104556.23,104524.3,0.00026707
2025-01-19,101331.57,101311.5,0.00030000000000000003
2025-01-20,102260.01,102247.6,0.00030000000000000003
2025-01-21,106143.82,106114.5,0.00030000000000000003
2025-01-22,103706.66,103664.9,0.00030000000000000003
2025-01-23,103910.34,103864.1,0.0002727
2025-01-24,104870.5,104808.1,0.00017411
2025-01-25,104746.85,104702.0,0.00021978999999999998
2025-01-26,102620.0,102560.1,0.00026806
2025-01-27,102082.83,102021.3,0.00012894
2025-01-28,101335.52,101279.6,0.00023562000000000002
2025-01-29,103733.24,103698.2,0.00029949
2025-01-30,104722.94,104676.9,0.00027089
2025-01-31,102429.56,102379.7,0.00021225
2025-02-01,100635.65,100603.6,0.00019435
2025-02-02,97700.59,97664.5,8.343e-05
2025-02-03,101328.52,101293.7,0.00024845
2025-02-04,97763.13,97709.9,0.0001355
2025-02-05,96612.43,96553.2,5.923e-05
2025-02-06,96554.35,96515.1,7.851e-05
2025-02-07,96506.8,96454.5,0.00020139
2025-02-08,96444.74,96411.9,-2.639e-05
2025-02-09,96462.75,96423.6,0.00016312
2025-02-10,97430.82,97379.2,0.00018435
2025-02-11,95778.2,95731.4,8.862e-05
2025-02-12,97869.99,97816.3,0.00011156999999999999
2025-02-13,96608.14,96560.6,0.00014922
2025-02-14,97500.48,97445.1,0.00016703
2025-02-15,97569.66,97538.0,7.087e-05
2025-02-16,96118.12,96067.0,7.371e-05
2025-02-17,95780.0,95743.2,0.00014645
2025-02-18,95671.74,95622.0,0.00029488
2025-02-19,96644.37,96598.0,0.00023746
2025-02-20,98305.0,98252.9,0.00013035
2025-02-21,96181.98,96127.9,2.3120000000000002e-05
2025-02-22,96551.01,96503.3,0.00018784
2025-02-23,96258.0,96218.4,8.73e-05
2025-02-24,91552.88,91514.5,5.9609999999999993e-05
2025-02-25,88680.4,88639.1,0.0001663
2025-02-26,84250.09,84208.5,0.00019526
2025-02-27,84708.58,84668.1,0.00018121
2025-02-28,84349.94,84299.6,0.00018592
2025-03-01,86064.53,86007.7,-6.98e-05
2025-03-02,94270.0,94222.8,-6.746000000000001e-05
2025-03-03,86220.61,86192.7,5.449999999999997e-06
2025-03-04,87281.98,87245.9,-4.899999999999999e-06
2025-03-05,90606.01,90566.1,0.00011863
2025-03-06,89931.89,89887.8,0.00016769000000000002
2025-03-07,86801.75,86753.8,-1.23e-06
2025-03-08,86222.45,86184.7,6.909e-05
2025-03-09,80734.37,80688.8,0.00010439000000000001
2025-03-10,78595.86,78567.8,9.333e-05
2025-03-11,82932.99,82896.0,0.00016711
2025-03-12,83680.12,83640.7,0.00010403999999999999
2025-03-13,81115.78,81085.4,5.6890000000000006e-05
2025-03-14,83983.2,83939.8,0.00011074
2025-03-15,84338.44,84302.9,-8.745e-05
2025-03-16,82574.53,82541.6,5.915e-05
2025-03-17,84010.03,83962.9,0.00010398
2025-03-18,82715.03,82666.1,6.276e-05
2025-03-19,86845.94,86809.8,0.00011185000000000001
2025-03-20,84223.39,84183.6,6.82e-05
2025-03-21,84088.79,84050.3,9.457e-05
2025-03-22,83840.59,83804.9,6.158e-05
2025-03-23,86082.5,86044.2,5.9350000000000006e-05
2025-03-24,87498.16,87463.4,4.129e-05
2025-03-25,87392.87,87369.8,-2.8729999999999998e-05
2025-03-26,86909.17,86873.8,-4.413e-05
2025-03-27,87232.01,87191.2,4.888e-05
2025-03-28,84424.38,84380.8,9.245000000000001e-05
2025-03-29,82648.54,82604.7,0.00016108
2025-03-30,82389.99,82352.8,5.356e-05
2025-03-31,82550.01,82517.5,0.00010508
2025-04-01,85158.34,85120.9,0.00010423
2025-04-02,82516.29,82485.1,1.657e-05
2025-04-03,83213.09,83181.5,0.00017384
2025-04-04,83889.87,83861.3,0.00017057
2025-04-05,83537.99,83506.1,0.00016403999999999998
2025-04-06,78430.0,78390.0,4.981e-05
2025-04-07,79163.24,79140.0,0.00016801
2025-04-08,76322.42,76297.9,0.00010783
2025-04-09,82615.22,82588.0,0.00014172
2025-04-10,79607.3,79560.2,0.00014594
2025-04-11,83423.84,83378.3,1.0610000000000002e-05
2025-04-12,85276.9,85237.8,0.00014682
2025-04-13,83760.0,83713.7,0.00023128
2025-04-14,84591.58,84553.9,0.00017668
2025-04-15,83643.99,83608.7,6.416000000000001e-05
2025-04-16,84030.38,83990.0,0.00011323000000000001
2025-04-17,84947.91,84915.0,0.00010507999999999999
2025-04-18,84474.69,84421.0,0.00011854
2025-04-19,85077.01,85046.9,7.001e-05
2025-04-20,85179.24,85138.8,-3.634e-05
2025-04-21,87516.23,87466.0,0.00012188
2025-04-22,93442.99,93404.9,-3.9999999999999617e-07
2025-04-23,93691.08,93632.1,4.572e-05
2025-04-24,93980.47,93931.6,3.739999999999998e-06
2025-04-25,94638.68,94591.8,-1.4740000000000001e-05
2025-04-26,94628.0,94575.7,-0.00010004
2025-04-27,93749.3,93697.1,-2.5810000000000002e-05
2025-04-28,95011.18,94969.0,-5.202e-05
2025-04-29,94256.82,94200.1,9.45e-06
2025-04-30,94172.0,94125.1,-6.0389999999999996e-05
2025-05-01,96489.91,96423.3,1.246e-05
2025-05-02,96887.14,96831.2,-0.00030303000000000003
2025-05-03,95856.42,95803.3,-4.238e-05
2025-05-04,94277.62,94230.2,7.344e-05
2025-05-05,94733.68,94696.7,-1.0150000000000003e-05
2025-05-06,96834.02,96798.9,7.175000000000001e-05
2025-05-07,97030.5,96988.4,2.513e-05
2025-05-08,103261.6,103228.1,0.00012654000000000002
2025-05-09,102971.99,102941.9,0.00024378
2025-05-10,104809.53,104788.8,0.00023914000000000002
2025-05-11,104118.0,104072.7,0.00024150000000000002
2025-05-12,102791.32,102739.3,0.00016755
2025-05-13,104103.72,104082.0,0.00024103
2025-05-14,103507.82,103458.1,0.00020637999999999999
2025-05-15,103763.71,103714.5,9.753e-05
2025-05-16,103463.9,103412.2,0.00016807
2025-05-17,103126.65,103079.6,6.758e-05
2025-05-18,106454.26,106407.6,0.00022645
2025-05-19,105573.74,105531.6,0.0001414
2025-05-20,106849.99,106800.1,0.00016751
2025-05-21,109643.99,109609.5,0.00021033
2025-05-22,111696.21,111662.7,0.00030000000000000003
2025-05-23,107318.3,107271.5,0.00025195999999999997
2025-05-24,107761.91,107698.9,0.00015951
2025-05-25,109004.19,108955.9,0.00018558
2025-05-26,109434.79,109386.8,0.00027113
2025-05-27,108938.17,108889.3,0.00017392
2025-05-28,107781.78,107723.1,0.00010792
2025-05-29,105589.75,105539.9,0.00014377
2025-05-30,103985.48,103950.0,0.00013863
2025-05-31,104591.88,104544.7,0.00020745
2025-06-01,105642.93,105583.3,5.87e-05
2025-06-02,105857.99,105814.3,9.418e-05
2025-06-03,105376.89,105330.1,0.00015527
2025-06-04,104696.86,104641.8,3.562e-05
2025-06-05,101508.68,101458.6,8.101e-05
2025-06-06,104288.44,104240.0,-9.516e-05
2025-06-07,105552.15,105507.5,-5.7539999999999995e-05
2025-06-08,105734.0,105676.5,6.819000000000001e-05
2025-06-09,110263.02,110227.9,4.9170000000000005e-05
2025-06-10,110274.39,110235.4,0.00024539
2025-06-11,108645.12,108600.0,0.00022208
2025-06-12,105671.73,105609.5,0.00010301
2025-06-13,106066.59,106027.3,1.786e-05
2025-06-14,105414.64,105359.9,6.951e-05
2025-06-15,105594.01,105534.6,5.167e-05
2025-06-16,106794.53,106750.1,8.799e-05
2025-06-17,104551.17,104508.0,9.834000000000001e-05
2025-06-18,104886.78,104832.8,8.635e-05
2025-06-19,104658.59,104607.1,3.8570000000000005e-05
2025-06-20,103297.99,103246.1,0.00013827000000000002
2025-06-21,102120.01,102079.8,0.0001335
2025-06-22,100963.87,100904.7,0.00017028
2025-06-23,105333.93,105290.9,1.0190000000000002e-05
2025-06-24,106083.0,106034.9,2.91e-05
2025-06-25,107340.58,107280.0,5.350000000000001e-06
2025-06-26,106947.06,106913.7,4.6280000000000004e-05
2025-06-27,107047.59,107010.7,6.333e-05
2025-06-28,107296.79,107241.0,9.326e-05
2025-06-29,108356.93,108309.8,0.0001661
2025-06-30,107146.5,107087.4,8.966e-05
2025-07-01,105681.14,105637.9,6.496e-05
2025-07-02,108849.6,108800.0,9.34e-05
2025-07-03,109584.78,109545.2,0.00013461000000000001
2025-07-04,107984.24,107935.4,0.00012035999999999999
2025-07-05,108198.12,108153.4,8.125999999999999e-05
2025-07-06,109203.84,109145.8,4.634e-05
2025-07-07,108262.94,108203.9,0.00010069000000000001
2025-07-08,108922.98,108873.1,9.237000000000001e-05
2025-07-09,111233.99,111199.9,0.00010742
2025-07-10,116010.0,115979.2,0.00020431
2025-07-11,117527.66,117500.0,0.00030000000000000003
2025-07-12,117420.0,117389.3,0.00030000000000000003
2025-07-13,119086.64,119038.3,0.00030000000000000003
2025-07-14,119841.18,119816.5,0.00028051
2025-07-15,117758.09,117738.5,0.00030000000000000003
2025-07-16,118630.43,118590.7,0.00030000000000000003
2025-07-17,119177.56,119176.6,0.00030000000000000003
2025-07-18,117924.84,117896.4,0.00030000000000000003
2025-07-19,117840.0,117814.4,0.00030000000000000003
2025-07-20,117265.12,117216.0,0.00030000000000000003
2025-07-21,117380.36,117330.2,0.00030000000000000003
2025-07-22,119954.42,119993.7,0.00030000000000000003
2025-07-23,118755.99,118713.5,0.00030000000000000003
2025-07-24,118340.99,118294.3,0.00030000000000000003
2025-07-25,117614.31,117583.5,0.00030000000000000003
2025-07-26,117919.99,117889.2,0.00030000000000000003
2025-07-27,119415.55,119423.4,0.00030000000000000003
2025-07-28,118062.32,118041.4,0.00030000000000000003
2025-07-29,117950.76,117897.0,0.00030000000000000003
2025-07-30,117840.3,117771.0,0.00030000000000000003
2025-07-31,115764.08,115697.3,0.00025694
2025-08-01,113297.93,113244.8,5.8219999999999995e-05
2025-08-02,112546.35,112508.8,0.00010140999999999999
2025-08-03,114208.8,114150.8,0.0001767
2025-08-04,115055.03,115002.1,0.00013819
2025-08-05,114129.75,114069.6,0.00020474000000000002
2025-08-06,114992.27,114941.0,0.00022735000000000002
2025-08-07,117472.01,117419.9,0.00018691999999999998
2025-08-08,116674.74,116628.2,0.00012104999999999999
2025-08-09,116462.25,116422.1,0.00023073
2025-08-10,119294.01,119255.3,0.00029849
2025-08-11,118686.0,118641.9,0.00030000000000000003
2025-08-12,120134.08,120081.0,0.00026531
2025-08-13,123306.43,123323.9,0.00027123
2025-08-14,118295.09,118242.2,0.00030000000000000003
2025-08-15,117342.05,117279.2,0.00013651
2025-08-16,117380.66,117329.7,0.00026141
2025-08-17,117405.01,117353.8,0.00014748
2025-08-18,116227.05,116183.6,7.46e-05
2025-08-19,112872.94,112824.2,0.00016565999999999998
2025-08-20,114271.24,114220.5,0.00010842999999999999
2025-08-21,112500.0,112462.2,0.00016314
2025-08-22,116935.99,116897.5,0.00023163
2025-08-23,115438.05,115377.1,0.00029711
2025-08-24,113493.59,113446.3,0.00030000000000000003
2025-08-25,110111.98,110064.0,0.00028344000000000004
2025-08-26,111763.22,111709.9,0.00018422
2025-08-27,111262.01,111194.9,0.00010800999999999999
2025-08-28,112566.9,112507.3,0.00022501999999999998
2025-08-29,108377.4,108332.4,0.00010761000000000001
2025-08-30,108816.33,108757.9,0.00023544
2025-08-31,108246.35,108208.4,0.00013517
2025-09-01,109237.42,109187.9,0.00019622999999999998
2025-09-02,111240.01,111188.0,0.00022107
2025-09-03,111705.71,111659.8,8.238000000000001e-05
2025-09-04,110730.87,110679.4,0.00014134
2025-09-05,110659.99,110614.9,0.00025404000000000003
2025-09-06,110187.97,110135.3,0.00012067
2025-09-07,111137.34,111076.0,0.00012550000000000001
2025-09-08,112065.23,112012.6,0.00023397
2025-09-09,111546.39,111499.9,0.00023799000000000002
2025-09-10,113960.0,113896.8,0.00020831000000000002
2025-09-11,115482.69,115427.0,0.00013452
2025-09-12,116029.42,115978.4,0.00016796
2025-09-13,115918.29,115862.7,3.834e-05
2025-09-14,115268.01,115210.0,0.00016077
2025-09-15,115349.71,115300.6,0.00022655
2025-09-16,116788.96,116747.3,0.0001446
2025-09-17,116447.59,116402.5,0.00021716
2025-09-18,117073.53,117017.1,0.00018077
2025-09-19,115632.38,115569.5,7.141999999999999e-05
2025-09-20,115685.63,115624.9,2.724e-05
2025-09-21,115232.29,115183.9,9.829999999999996e-06
2025-09-22,112650.99,112604.7,0.00013246
2025-09-23,111998.8,111947.0,0.00021622999999999998
2025-09-24,113307.0,113254.0,0.00016947000000000002
2025-09-25,108994.49,108934.5,0.00011070000000000001
2025-09-26,109643.46,109588.5,0.00015219000000000002
2025-09-27,109635.85,109577.3,0.00011235999999999999
2025-09-28,112163.95,112119.6,0.00013550999999999998
2025-09-29,114311.96,114257.1,3.6479999999999996e-05
2025-09-30,114048.93,113988.8,0.0001083
2025-10-01,118594.99,118552.4,0.00016812
2025-10-02,120529.35,120481.3,0.00027327
2025-10-03,122232.0,122182.7,0.00029926
2025-10-04,122391.0,122343.2,0.00028312
2025-10-05,123482.31,123426.7,0.00028214
2025-10-06,124658.54,124628.5,0.00023211
2025-10-07,121332.95,121286.5,0.00024802
2025-10-08,123306.0,123237.5,0.00017938
2025-10-09,121662.4,121579.3,8.149e-05
2025-10-10,112774.5,112714.9,5.677e-05
2025-10-11,110644.4,110579.1,0.00020467
2025-10-12,114958.8,114894.4,-0.00011104999999999999
2025-10-13,115166.0,115111.9,-3.7279999999999995e-05
2025-10-14,113028.14,112983.8,-7.827e-05
2025-10-15,110763.28,110699.0,-1.2269999999999996e-05
2025-10-16,108194.28,108129.4,-7.975e-05
2025-10-17,106431.68,106378.6,-1.21e-05
2025-10-18,107185.01,107117.5,-0.00014876
2025-10-19,108642.78,108586.2,2.8879999999999998e-05
2025-10-20,110532.09,110469.9,-2.8800000000000002e-05
2025-10-21,108297.67,108253.7,-5.851e-05
2025-10-22,107567.44,107532.0,3.9349999999999994e-05
2025-10-23,110078.18,110025.9,0.00015517
2025-10-24,111004.89,110965.4,8.398e-05
2025-10-25,111646.27,111589.4,0.00012074
2025-10-26,114559.4,114497.8,9.342000000000001e-05
2025-10-27,114107.65,114064.1,0.00027304
2025-10-28,112898.45,112833.5,0.00016857
2025-10-29,110021.29,109985.6,8.559e-05
2025-10-30,108322.88,108263.5,8.108e-05
2025-10-31,109608.01,109557.3,0.00020213000000000002
2025-11-01,110098.1,110047.2,0.00029782
2025-11-02,110540.68,110494.9,0.00021985
2025-11-03,106583.04,106544.0,0.0001828
2025-11-04,101497.22,101450.3,0.00022147
2025-11-05,103885.16,103837.0,0.00012779
2025-11-06,101346.04,101305.6,0.00016395
2025-11-07,103339.08,103305.2,0.00017563
2025-11-08,102312.94,102269.3,0.00014563
2025-11-09,104722.96,104670.6,0.00011495
2025-11-10,106011.13,105966.3,0.00021204
2025-11-11,103058.99,103005.8,5.8660000000000004e-05
2025-11-12,101654.37,101605.8,8.935e-05
2025-11-13,99692.02,99654.3,0.00017877000000000002
2025-11-14,94594.0,94544.9,0.00026773
2025-11-15,95596.24,95560.3,0.00024430000000000003
2025-11-16,94261.44,94221.7,0.00024805
2025-11-17,92215.14,92169.7,0.00026776
2025-11-18,92960.83,92916.9,0.00023725
2025-11-19,91554.96,91508.9,0.00016488
2025-11-20,86637.23,86601.3,0.00023258
2025-11-21,85129.43,85093.5,0.00011438
2025-11-22,84739.74,84689.4,0.00013165
2025-11-23,86830.0,86807.7,3.0720000000000004e-05
2025-11-24,88300.01,88247.1,4.904e-05
2025-11-25,87369.96,87324.1,-6.313e-05
2025-11-26,90484.02,90438.1,9.007e-05
2025-11-27,91333.95,91292.2,4.433e-05
2025-11-28,90890.7,90847.8,6.075e-05
2025-11-29,90802.44,90765.0,2.431e-05
2025-11-30,90360.0,90320.6,0.00013518
2025-12-01,86286.01,86241.6,8.237e-05
2025-12-02,91277.88,91249.1,5.633e-05
2025-12-03,93429.95,93376.7,1.589e-05
2025-12-04,92078.06,92034.7,0.00010968
2025-12-05,89330.04,89288.5,0.00010172
2025-12-06,89236.79,89197.1,3.79e-05
2025-12-07,90395.31,90345.4,0.00011070000000000001
2025-12-08,90634.34,90610.8,9.401e-05
2025-12-09,92678.8,92638.4,0.00012674
2025-12-10,92015.37,91977.5,7.978e-05
2025-12-11,92513.38,92477.5,7.113e-05
2025-12-12,90268.42,90229.6,0.00014995
2025-12-13,90240.01,90191.3,0.00012182
2025-12-14,88172.17,88118.8,0.00016671
2025-12-15,86432.08,86389.9,2.378e-05
2025-12-16,87863.42,87826.3,0.00012906000000000001
2025-12-17,86243.22,86201.6,0.00021125
2025-12-18,85516.41,85469.7,0.00013717999999999998
2025-12-19,88136.94,88100.0,0.00025491
2025-12-20,88360.9,88320.8,0.00018405
2025-12-21,88658.86,88621.3,0.00022532
2025-12-22,88620.79,88581.5,0.00015567
2025-12-23,87486.0,87463.0,9.659e-05
2025-12-24,87669.45,87627.3,0.00024382
2025-12-25,87225.27,87182.8,0.00022228
2025-12-26,87369.56,87318.2,0.00019805000000000002
2025-12-27,87877.01,87829.4,0.00010447000000000001
2025-12-28,87952.71,87920.5,0.00017382999999999998
2025-12-29,87237.13,87203.3,0.00024826000000000004
2025-12-30,88485.49,88455.3,0.00022958
2025-12-31,87648.22,87608.2,8.125e-05
2026-01-01,88839.04,88800.0,0.00021711
2026-01-02,89995.13,89951.4,0.0001464
2026-01-03,90628.01,90595.8,0.00011103
2026-01-04,91529.73,91497.1,0.00019737
2026-01-05,93859.71,93822.4,0.00021846000000000002
2026-01-06,93747.97,93708.0,4.131e-05
2026-01-07,91364.16,91328.0,0.00019467
2026-01-08,91099.99,91059.8,0.00025129
2026-01-09,90641.28,90603.6,4.663e-05
2026-01-10,90504.7,90469.6,0.00019535
2026-01-11,91013.65,90964.4,0.00015081
2026-01-12,91296.2,91252.6,9.365e-05
2026-01-13,95414.0,95375.2,0.00015528
2026-01-14,96951.78,96907.9,6.702e-05
2026-01-15,95604.8,95567.3,2.908e-05
2026-01-16,95550.94,95503.7,0.00017172
2026-01-17,95147.77,95107.9,5.805e-05
2026-01-18,93673.14,93614.0,0.00019690000000000002
2026-01-19,92631.0,92589.6,7.91e-05
2026-01-20,88427.66,88390.6,0.00022097
2026-01-21,89454.73,89411.4,0.00018465000000000002
2026-01-22,89559.67,89518.5,0.00020884
2026-01-23,89600.26,89558.7,0.00015448
2026-01-24,89225.34,89180.7,0.00014341
2026-01-25,86670.36,86628.9,0.00014303999999999999
2026-01-26,88347.08,88300.6,0.0001252
2026-01-27,89250.0,89197.8,0.00017798
2026-01-28,89299.99,89261.7,0.00016241
2026-01-29,84650.16,84604.7,0.00017089
