,timestamp,spot_price,future_price
0,2023-05-06,28848.2,28837.8
1,2023-05-07,28430.1,28419.4
2,2023-05-08,27668.79,27659.8
3,2023-05-09,27628.27,27610.2
4,2023-05-10,27598.75,27582.9
5,2023-05-11,26968.62,26956.4
6,2023-05-12,26795.01,26785.1
7,2023-05-13,26775.28,26762.7
8,2023-05-14,26917.62,26901.9
9,2023-05-15,27162.14,27152.5
10,2023-05-16,27033.84,27024.8
11,2023-05-17,27405.61,27395.8
12,2023-05-18,26821.28,26809.3
13,2023-05-19,26880.26,26870.1
14,2023-05-20,27102.43,27089.5
15,2023-05-21,26747.78,26732.8
16,2023-05-22,26849.27,26840.2
17,2023-05-23,27219.61,27209.9
18,2023-05-24,26329.01,26313.8
19,2023-05-25,26473.79,26461.8
20,2023-05-26,26705.92,26689.9
21,2023-05-27,26854.27,26841.6
22,2023-05-28,28065.0,28055.7
23,2023-05-29,27736.4,27722.0
24,2023-05-30,27694.4,27680.1
25,2023-05-31,27210.35,27201.1
26,2023-06-01,26817.93,26805.3
27,2023-06-02,27242.59,27227.8
28,2023-06-03,27069.22,27054.9
29,2023-06-04,27115.21,27102.4
30,2023-06-05,25728.2,25714.7
31,2023-06-06,27230.08,27221.5
32,2023-06-07,26339.34,26325.9
33,2023-06-08,26498.61,26485.9
34,2023-06-09,26477.81,26468.1
35,2023-06-10,25841.21,25826.6
36,2023-06-11,25925.55,25909.9
37,2023-06-12,25905.19,25894.8
38,2023-06-13,25934.25,25918.0
39,2023-06-14,25128.6,25115.9
40,2023-06-15,25598.49,25586.1
41,2023-06-16,26345.0,26336.0
42,2023-06-17,26516.99,26508.9
43,2023-06-18,26339.97,26329.7
44,2023-06-19,26844.35,26828.5
45,2023-06-20,28307.99,28290.6
46,2023-06-21,29993.89,29988.5
47,2023-06-22,29884.92,29875.0
48,2023-06-23,30688.5,30673.4
49,2023-06-24,30527.43,30524.2
50,2023-06-25,30462.66,30458.0
51,2023-06-26,30267.99,30260.1
52,2023-06-27,30692.44,30683.2
53,2023-06-28,30077.41,30066.3
54,2023-06-29,30447.31,30439.9
55,2023-06-30,30472.0,30460.2
56,2023-07-01,30585.9,30573.6
57,2023-07-02,30617.03,30612.7
58,2023-07-03,31156.2,31149.0
59,2023-07-04,30766.51,30756.1
60,2023-07-05,30504.81,30488.4
61,2023-07-06,29895.43,29874.4
62,2023-07-07,30344.7,30327.9
63,2023-07-08,30284.63,30269.3
64,2023-07-09,30160.71,30147.8
65,2023-07-10,30411.57,30396.9
66,2023-07-11,30622.1,30608.4
67,2023-07-12,30380.0,30368.9
68,2023-07-13,31454.23,31441.7
69,2023-07-14,30312.01,30293.3
70,2023-07-15,30289.52,30276.4
71,2023-07-16,30231.99,30216.8
72,2023-07-17,30138.0,30126.1
73,2023-07-18,29859.13,29845.6
74,2023-07-19,29909.21,29895.5
75,2023-07-20,29800.0,29791.0
76,2023-07-21,29901.72,29891.4
77,2023-07-22,29794.0,29783.5
78,2023-07-23,30083.75,30070.8
79,2023-07-24,29176.5,29163.8
80,2023-07-25,29228.91,29216.3
81,2023-07-26,29351.96,29336.0
82,2023-07-27,29222.78,29209.7
83,2023-07-28,29314.14,29299.9
84,2023-07-29,29352.9,29339.1
85,2023-07-30,29281.09,29271.1
86,2023-07-31,29232.25,29220.8
87,2023-08-01,29705.99,29701.2
88,2023-08-02,29186.01,29170.1
89,2023-08-03,29193.64,29180.2
90,2023-08-04,29113.99,29101.1
91,2023-08-05,29072.13,29057.7
92,2023-08-06,29088.42,29075.9
93,2023-08-07,29211.06,29202.7
94,2023-08-08,29770.42,29759.0
95,2023-08-09,29581.99,29572.8
96,2023-08-10,29455.75,29443.7
97,2023-08-11,29426.03,29415.5
98,2023-08-12,29430.17,29420.7
99,2023-08-13,29303.84,29293.3
100,2023-08-14,29430.93,29419.5
101,2023-08-15,29200.0,29188.8
102,2023-08-16,28730.51,28714.4
103,2023-08-17,26623.41,26609.7
104,2023-08-18,26054.0,26042.1
105,2023-08-19,26100.01,26088.3
106,2023-08-20,26189.99,26175.9
107,2023-08-21,26126.92,26115.4
108,2023-08-22,26056.0,26044.4
109,2023-08-23,26432.72,26419.2
110,2023-08-24,26180.05,26164.6
111,2023-08-25,26060.01,26051.7
112,2023-08-26,26017.37,26004.3
113,2023-08-27,26101.77,26087.7
114,2023-08-28,26120.0,26106.5
115,2023-08-29,27716.34,27700.1
116,2023-08-30,27299.99,27290.4
117,2023-08-31,25940.78,25928.0
118,2023-09-01,25805.05,25795.6
119,2023-09-02,25869.51,25855.8
120,2023-09-03,25971.21,25962.1
121,2023-09-04,25826.02,25814.0
122,2023-09-05,25792.1,25779.7
123,2023-09-06,25759.95,25747.4
124,2023-09-07,26255.0,26240.7
125,2023-09-08,25910.5,25899.8
126,2023-09-09,25901.61,25892.6
127,2023-09-10,25841.61,25828.4
128,2023-09-11,25162.52,25150.4
129,2023-09-12,25840.1,25825.8
130,2023-09-13,26222.0,26209.9
131,2023-09-14,26522.73,26510.3
132,2023-09-15,26600.0,26591.1
133,2023-09-16,26559.67,26546.9
134,2023-09-17,26527.51,26514.2
135,2023-09-18,26762.51,26749.9
136,2023-09-19,27210.26,27196.0
137,2023-09-20,27125.0,27107.7
138,2023-09-21,26568.08,26552.6
139,2023-09-22,26580.14,26566.7
140,2023-09-23,26575.96,26563.1
141,2023-09-24,26248.38,26232.4
142,2023-09-25,26304.81,26290.5
143,2023-09-26,26221.67,26208.8
144,2023-09-27,26372.99,26359.6
145,2023-09-28,27021.39,27011.8
146,2023-09-29,26906.96,26890.9
147,2023-09-30,26962.56,26950.9
148,2023-10-01,27992.57,27981.4
149,2023-10-02,27494.51,27477.6
150,2023-10-03,27426.46,27412.0
151,2023-10-04,27778.57,27759.8
152,2023-10-05,27410.39,27398.4
153,2023-10-06,27931.09,27916.3
154,2023-10-07,27956.67,27943.0
155,2023-10-08,27917.05,27901.2
156,2023-10-09,27590.12,27578.3
157,2023-10-10,27390.12,27381.2
158,2023-10-11,26875.52,26864.5
159,2023-10-12,26759.63,26744.0
160,2023-10-13,26862.0,26849.8
161,2023-10-14,26852.48,26836.3
162,2023-10-15,27154.15,27139.8
163,2023-10-16,28500.78,28486.3
164,2023-10-17,28395.91,28381.9
165,2023-10-18,28320.0,28307.1
166,2023-10-19,28713.71,28696.9
167,2023-10-20,29669.04,29653.0
168,2023-10-21,29909.8,29895.4
169,2023-10-22,29992.46,29981.5
170,2023-10-23,33069.99,33074.0
171,2023-10-24,33922.73,33917.0
172,2023-10-25,34496.05,34487.7
173,2023-10-26,34151.66,34154.0
174,2023-10-27,33892.02,33893.1
175,2023-10-28,34081.0,34086.6
176,2023-10-29,34525.89,34528.6
177,2023-10-30,34474.73,34483.8
178,2023-10-31,34639.77,34651.4
179,2023-11-01,35421.43,35437.4
180,2023-11-02,34941.59,34940.1
181,2023-11-03,34716.78,34700.4
182,2023-11-04,35062.07,35069.7
183,2023-11-05,35011.88,35025.5
184,2023-11-06,35046.09,35057.4
185,2023-11-07,35399.12,35406.5
186,2023-11-08,35624.72,35626.7
187,2023-11-09,36701.09,36719.5
188,2023-11-10,37301.63,37330.4
189,2023-11-11,37130.0,37162.1
190,2023-11-12,37064.13,37085.5
191,2023-11-13,36462.93,36486.2
192,2023-11-14,35551.19,35559.0
193,2023-11-15,37858.2,37885.6
194,2023-11-16,36163.51,36176.0
195,2023-11-17,36613.92,36621.9
196,2023-11-18,36568.1,36580.9
197,2023-11-19,37359.86,37375.9
198,2023-11-20,37448.78,37462.5
199,2023-11-21,35741.65,35737.0
200,2023-11-22,37408.34,37413.4
201,2023-11-23,37294.28,37294.3
202,2023-11-24,37713.57,37706.3
203,2023-11-25,37780.67,37766.6
204,2023-11-26,37447.43,37437.9
205,2023-11-27,37242.7,37234.3
206,2023-11-28,37818.87,37812.1
207,2023-11-29,37854.64,37837.1
208,2023-11-30,37723.96,37716.8
209,2023-12-01,38682.52,38660.0
210,2023-12-02,39450.35,39435.0
211,2023-12-03,39972.26,39979.7
212,2023-12-04,41991.1,41993.1
213,2023-12-05,44073.32,44081.7
214,2023-12-06,43762.69,43774.8
215,2023-12-07,43273.14,43296.0
216,2023-12-08,44170.99,44209.5
217,2023-12-09,43713.6,43734.3
218,2023-12-10,43789.51,43810.0
219,2023-12-11,41253.4,41271.0
220,2023-12-12,41492.39,41515.0
221,2023-12-13,42869.03,42875.0
222,2023-12-14,43022.26,43032.4
223,2023-12-15,41940.3,41968.0
224,2023-12-16,42278.03,42287.4
225,2023-12-17,41374.65,41396.5
226,2023-12-18,42657.8,42671.7
227,2023-12-19,42275.99,42298.3
228,2023-12-20,43668.93,43708.9
229,2023-12-21,43861.8,43896.3
230,2023-12-22,43969.04,43999.2
231,2023-12-23,43702.16,43725.2
232,2023-12-24,42991.5,43008.4
233,2023-12-25,43576.13,43611.9
234,2023-12-26,42508.93,42538.5
235,2023-12-27,43428.85,43453.8
236,2023-12-28,42563.76,42600.1
237,2023-12-29,42066.95,42095.1
238,2023-12-30,42140.28,42174.2
239,2023-12-31,42283.58,42314.0
240,2024-01-01,44179.55,44230.2
241,2024-01-02,44946.91,44979.8
242,2024-01-03,42845.23,42849.5
243,2024-01-04,44151.1,44143.8
244,2024-01-05,44145.11,44145.4
245,2024-01-06,43968.32,43956.7
246,2024-01-07,43929.02,43916.9
247,2024-01-08,46951.04,46972.7
248,2024-01-09,46110.0,46114.0
249,2024-01-10,46653.99,46662.9
250,2024-01-11,46339.16,46337.8
251,2024-01-12,42782.73,42788.9
252,2024-01-13,42847.99,42846.4
253,2024-01-14,41732.35,41734.9
254,2024-01-15,42511.1,42515.0
255,2024-01-16,43137.95,43133.0
256,2024-01-17,42776.1,42783.4
257,2024-01-18,41327.5,41323.1
258,2024-01-19,41659.03,41662.2
259,2024-01-20,41696.04,41691.8
260,2024-01-21,41580.33,41580.0
261,2024-01-22,39568.02,39567.0
262,2024-01-23,39897.6,39890.0
263,2024-01-24,40084.88,40078.7
264,2024-01-25,39961.09,39953.3
265,2024-01-26,41823.51,41806.4
266,2024-01-27,42120.63,42102.2
267,2024-01-28,42031.06,42021.2
268,2024-01-29,43302.7,43287.7
269,2024-01-30,42941.1,42918.3
270,2024-01-31,42580.0,42560.5
271,2024-02-01,43082.94,43072.6
272,2024-02-02,43200.0,43182.0
273,2024-02-03,43011.09,42992.4
274,2024-02-04,42582.88,42570.3
275,2024-02-05,42708.7,42692.9
276,2024-02-06,43098.95,43079.1
277,2024-02-07,44349.6,44326.2
278,2024-02-08,45288.65,45269.1
279,2024-02-09,47132.77,47116.1
280,2024-02-10,47751.09,47732.6
281,2024-02-11,48299.99,48303.4
282,2024-02-12,49917.27,49943.6
283,2024-02-13,49699.59,49696.4
284,2024-02-14,51795.17,51823.2
285,2024-02-15,51880.0,51898.5
286,2024-02-16,52124.11,52148.6
287,2024-02-17,51642.64,51679.4
288,2024-02-18,52137.67,52175.9
289,2024-02-19,51774.73,51813.8
290,2024-02-20,52258.82,52297.4
291,2024-02-21,51849.39,51877.8
292,2024-02-22,51288.42,51316.9
293,2024-02-23,50744.15,50771.9
294,2024-02-24,51568.22,51602.1
295,2024-02-25,51728.85,51764.9
296,2024-02-26,54476.47,54511.6
297,2024-02-27,57037.34,57074.5
298,2024-02-28,62432.1,62487.9
299,2024-02-29,61130.98,61203.3
300,2024-03-01,62387.9,62430.6
301,2024-03-02,61987.28,62039.9
302,2024-03-03,63113.97,63178.5
303,2024-03-04,68245.71,68296.4
304,2024-03-05,63724.01,63747.4
305,2024-03-06,66074.04,66128.1
306,2024-03-07,66823.17,66870.0
307,2024-03-08,68124.19,68180.2
308,2024-03-09,68313.27,68360.1
309,2024-03-10,68955.88,69001.8
310,2024-03-11,72078.1,72153.8
311,2024-03-12,71452.01,71503.2
312,2024-03-13,73072.41,73127.6
313,2024-03-14,71388.94,71455.5
314,2024-03-15,69499.85,69552.2
315,2024-03-16,65300.63,65351.0
316,2024-03-17,68393.48,68447.9
317,2024-03-18,67609.99,67660.0
318,2024-03-19,61937.4,61974.1
319,2024-03-20,67840.51,67876.4
320,2024-03-21,65501.27,65539.9
321,2024-03-22,63796.64,63826.0
322,2024-03-23,63990.01,64020.3
323,2024-03-24,67209.99,67260.9
324,2024-03-25,69880.01,69920.5
325,2024-03-26,69988.0,70044.1
326,2024-03-27,69469.99,69532.6
327,2024-03-28,70780.6,70838.7
328,2024-03-29,69850.54,69903.6
329,2024-03-30,69582.18,69642.1
330,2024-03-31,71280.01,71363.0
331,2024-04-01,69649.8,69700.0
332,2024-04-02,65463.99,65505.3
333,2024-04-03,65963.28,65971.9
334,2024-04-04,68487.79,68489.9
335,2024-04-05,67820.62,67825.7
336,2024-04-06,68896.0,68901.6
337,2024-04-07,69360.39,69362.7
338,2024-04-08,71620.0,71678.4
339,2024-04-09,69146.0,69189.3
340,2024-04-10,70631.08,70681.7
341,2024-04-11,70006.23,70055.7
342,2024-04-12,67116.52,67136.4
343,2024-04-13,63924.51,63939.7
344,2024-04-14,65661.84,65615.9
345,2024-04-15,63419.99,63392.7
346,2024-04-16,63793.39,63765.0
347,2024-04-17,61277.37,61254.5
348,2024-04-18,63470.08,63445.0
349,2024-04-19,63818.01,63787.4
350,2024-04-20,64940.59,64897.2
351,2024-04-21,64941.15,64912.6
352,2024-04-22,66819.32,66778.0
353,2024-04-23,66414.0,66386.3
354,2024-04-24,64289.59,64250.0
355,2024-04-25,64498.34,64478.8
356,2024-04-26,63770.01,63748.8
357,2024-04-27,63461.98,63421.0
358,2024-04-28,63118.62,63088.3
359,2024-04-29,63866.0,63842.4
360,2024-04-30,60672.0,60651.2
361,2024-05-01,58364.97,58307.6
362,2024-05-02,59060.61,59036.7
363,2024-05-03,62882.01,62853.7
364,2024-05-04,63892.04,63864.2
365,2024-05-05,64012.0,63988.0
366,2024-05-06,63165.19,63142.8
367,2024-05-07,62312.08,62296.0
368,2024-05-08,61193.03,61157.9
369,2024-05-09,63074.01,63050.1
370,2024-05-10,60799.99,60778.1
371,2024-05-11,60825.99,60809.2
372,2024-05-12,61483.99,61455.8
373,2024-05-13,62940.08,62912.1
374,2024-05-14,61577.49,61550.5
375,2024-05-15,66206.5,66175.4
376,2024-05-16,65235.21,65217.7
377,2024-05-17,67024.0,66980.0
378,2024-05-18,66915.2,66884.9
379,2024-05-19,66274.01,66239.4
380,2024-05-20,71446.62,71466.5
381,2024-05-21,70148.34,70168.8
382,2024-05-22,69166.62,69219.1
383,2024-05-23,67969.65,67999.9
384,2024-05-24,68549.99,68584.1
385,2024-05-25,69290.57,69314.4
386,2024-05-26,68507.67,68524.3
387,2024-05-27,69436.43,69461.6
388,2024-05-28,68398.39,68440.5
389,2024-05-29,67652.42,67686.7
390,2024-05-30,68352.17,68402.5
391,2024-05-31,67540.01,67577.9
392,2024-06-01,67766.85,67799.2
393,2024-06-02,67765.63,67805.9
394,2024-06-03,68809.9,68851.4
395,2024-06-04,70537.84,70580.0
396,2024-06-05,71108.0,71133.3
397,2024-06-06,70799.06,70830.0
398,2024-06-07,69355.6,69377.0
399,2024-06-08,69310.46,69346.5
400,2024-06-09,69648.14,69667.1
401,2024-06-10,69540.0,69558.7
402,2024-06-11,67314.24,67320.7
403,2024-06-12,68263.99,68270.3
404,2024-06-13,66773.01,66786.9
405,2024-06-14,66043.99,66039.7
406,2024-06-15,66228.25,66213.7
407,2024-06-16,66676.87,66653.6
408,2024-06-17,66504.33,66472.1
409,2024-06-18,65175.32,65150.0
410,2024-06-19,64974.37,64933.6
411,2024-06-20,64869.99,64854.0
412,2024-06-21,64143.56,64124.0
413,2024-06-22,64262.01,64240.0
414,2024-06-23,63210.01,63194.9
415,2024-06-24,60293.3,60273.6
416,2024-06-25,61806.01,61777.8
417,2024-06-26,60864.99,60860.1
418,2024-06-27,61706.47,61682.0
419,2024-06-28,60427.84,60429.8
420,2024-06-29,60986.68,60982.4
421,2024-06-30,62772.01,62766.0
422,2024-07-01,62899.99,62883.6
423,2024-07-02,62135.47,62123.6
424,2024-07-03,60208.58,60208.0
425,2024-07-04,57050.01,57045.9
426,2024-07-05,56628.79,56604.9
427,2024-07-06,58230.13,58216.0
428,2024-07-07,55857.81,55830.9
429,2024-07-08,56714.62,56686.4
430,2024-07-09,58050.0,58023.2
431,2024-07-10,57725.85,57707.0
432,2024-07-11,57339.89,57315.5
433,2024-07-12,57889.1,57870.0
434,2024-07-13,59204.02,59174.0
435,2024-07-14,60797.91,60766.0
436,2024-07-15,64724.14,64680.6
437,2024-07-16,65043.99,65010.0
438,2024-07-17,64087.99,64055.7
439,2024-07-18,63987.92,63959.9
440,2024-07-19,66660.0,66627.9
441,2024-07-20,67139.96,67095.6
442,2024-07-21,68165.34,68138.0
443,2024-07-22,67532.01,67499.2
444,2024-07-23,65936.01,65916.4
445,2024-07-24,65376.0,65350.8
446,2024-07-25,65799.95,65773.0
447,2024-07-26,67907.99,67882.5
448,2024-07-27,67896.5,67873.8
449,2024-07-28,68249.88,68215.5
450,2024-07-29,66784.69,66750.0
451,2024-07-30,66188.0,66159.3
452,2024-07-31,64628.0,64601.8
453,2024-08-01,65354.02,65328.9
454,2024-08-02,61498.33,61483.7
455,2024-08-03,60697.99,60684.6
456,2024-08-04,58161.0,58144.5
457,2024-08-05,54018.81,54003.1
458,2024-08-06,56022.01,55991.2
459,2024-08-07,55134.16,55102.9
460,2024-08-08,61685.99,61659.8
461,2024-08-09,60837.99,60808.6
462,2024-08-10,60923.51,60889.9
463,2024-08-11,58712.59,58693.1
464,2024-08-12,59346.64,59323.6
465,2024-08-13,60587.15,60550.5
466,2024-08-14,58683.39,58648.1
467,2024-08-15,57541.06,57511.0
468,2024-08-16,58874.6,58854.9
469,2024-08-17,59491.99,59468.5
470,2024-08-18,58427.35,58390.0
471,2024-08-19,59438.5,59398.5
472,2024-08-20,59013.8,58982.9
473,2024-08-21,61156.03,61120.0
474,2024-08-22,60375.84,60349.9
475,2024-08-23,64037.24,64019.9
476,2024-08-24,64157.01,64116.5
477,2024-08-25,64220.0,64190.2
478,2024-08-26,62834.0,62807.6
479,2024-08-27,59415.0,59384.5
480,2024-08-28,59034.9,59010.0
481,2024-08-29,59359.01,59323.2
482,2024-08-30,59123.99,59096.3
483,2024-08-31,58973.99,58941.9
484,2024-09-01,57301.86,57268.1
485,2024-09-02,59132.13,59112.1
486,2024-09-03,57487.73,57451.9
487,2024-09-04,57970.9,57944.8
488,2024-09-05,56180.0,56145.7
489,2024-09-06,53962.97,53927.7
490,2024-09-07,54160.86,54134.9
491,2024-09-08,54869.95,54839.6
492,2024-09-09,57042.0,57010.0
493,2024-09-10,57635.99,57609.1
494,2024-09-11,57338.0,57306.0
495,2024-09-12,58132.32,58097.0
496,2024-09-13,60498.0,60456.2
497,2024-09-14,59993.03,59964.0
498,2024-09-15,59132.0,59100.5
499,2024-09-16,58213.99,58187.0
500,2024-09-17,60313.99,60281.0
501,2024-09-18,61759.99,61735.3
502,2024-09-19,62947.99,62926.9
503,2024-09-20,63201.05,63175.7
504,2024-09-21,63348.96,63320.6
505,2024-09-22,63578.76,63558.4
506,2024-09-23,63339.99,63302.0
507,2024-09-24,64262.7,64243.1
508,2024-09-25,63152.01,63118.4
509,2024-09-26,65173.99,65139.2
510,2024-09-27,65769.95,65749.6
511,2024-09-28,65858.0,65822.6
512,2024-09-29,65602.01,65568.1
513,2024-09-30,63327.59,63309.1
514,2024-10-01,60805.78,60776.8
515,2024-10-02,60649.28,60622.6
516,2024-10-03,60752.71,60727.2
517,2024-10-04,62086.0,62054.4
518,2024-10-05,62058.0,62023.1
519,2024-10-06,62819.91,62789.3
520,2024-10-07,62224.0,62190.7
521,2024-10-08,62160.49,62131.7
522,2024-10-09,60636.02,60606.4
523,2024-10-10,60326.39,60293.2
524,2024-10-11,62540.0,62509.0
525,2024-10-12,63206.22,63176.0
526,2024-10-13,62870.02,62839.8
527,2024-10-14,66083.99,66064.9
528,2024-10-15,67074.14,67044.1
529,2024-10-16,67620.01,67592.0
530,2024-10-17,67421.78,67401.5
531,2024-10-18,68428.0,68407.8
532,2024-10-19,68378.0,68357.1
533,2024-10-20,69031.99,69020.1
534,2024-10-21,67377.5,67368.8
535,2024-10-22,67426.0,67406.4
536,2024-10-23,66668.65,66647.2
537,2024-10-24,68198.28,68173.8
538,2024-10-25,66698.33,66662.8
539,2024-10-26,67092.76,67071.8
540,2024-10-27,68021.7,67992.6
541,2024-10-28,69962.21,69940.0
542,2024-10-29,72736.42,72739.5
543,2024-10-30,72344.74,72349.0
544,2024-10-31,70292.01,70321.9
545,2024-11-01,69496.01,69495.5
546,2024-11-02,69374.74,69366.6
547,2024-11-03,68775.99,68762.5
548,2024-11-04,67850.01,67834.3
549,2024-11-05,69372.01,69353.1
550,2024-11-06,75571.99,75579.9
551,2024-11-07,75857.89,75859.4
552,2024-11-08,76509.78,76482.2
553,2024-11-09,76677.46,76675.1
554,2024-11-10,80370.01,80410.0
555,2024-11-11,88647.99,88728.9
556,2024-11-12,87952.01,87972.0
557,2024-11-13,90375.2,90413.3
558,2024-11-14,87325.59,87382.7
559,2024-11-15,91032.07,91074.6
560,2024-11-16,90586.92,90643.3
561,2024-11-17,89855.99,89899.9
562,2024-11-18,90464.08,90507.4
563,2024-11-19,92310.79,92335.9
564,2024-11-20,94286.56,94288.0
565,2024-11-21,98317.12,98366.8
566,2024-11-22,98892.0,98921.4
567,2024-11-23,97672.4,97725.5
568,2024-11-24,97900.04,97960.4
569,2024-11-25,93010.01,93064.0
570,2024-11-26,91965.16,92021.4
571,2024-11-27,95863.11,95905.2
572,2024-11-28,95643.98,95694.4
573,2024-11-29,97460.0,97516.3
574,2024-11-30,96407.99,96475.1
575,2024-12-01,97185.18,97265.1
576,2024-12-02,95840.62,95890.5
577,2024-12-03,95849.69,95913.3
578,2024-12-04,98587.32,98669.8
579,2024-12-05,96945.63,97001.5
580,2024-12-06,99740.84,99802.5
581,2024-12-07,99831.99,99899.2
582,2024-12-08,101109.59,101200.0
583,2024-12-09,97276.47,97349.1
584,2024-12-10,96593.0,96602.4
585,2024-12-11,101125.0,101115.3
586,2024-12-12,100004.29,99982.4
587,2024-12-13,101424.25,101371.9
588,2024-12-14,101420.0,101381.0
589,2024-12-15,104463.99,104460.4
590,2024-12-16,106058.66,106023.2
591,2024-12-17,106133.74,106074.6
592,2024-12-18,100204.01,100181.1
593,2024-12-19,97461.86,97434.4
594,2024-12-20,97805.44,97764.4
595,2024-12-21,97291.99,97261.8
596,2024-12-22,95186.27,95153.5
597,2024-12-23,94881.47,94861.1
598,2024-12-24,98663.58,98627.2
599,2024-12-25,99429.6,99379.7
600,2024-12-26,95791.6,95751.0
601,2024-12-27,94299.03,94258.9
602,2024-12-28,95300.0,95259.1
603,2024-12-29,93738.2,93700.0
604,2024-12-30,92792.05,92759.3
605,2024-12-31,93576.0,93548.9
606,2025-01-01,94591.79,94580.9
607,2025-01-02,96984.79,96967.5
608,2025-01-03,98174.18,98145.7
609,2025-01-04,98220.5,98173.2
610,2025-01-05,98363.61,98340.2
611,2025-01-06,102235.6,102180.4
612,2025-01-07,96954.61,96920.3
613,2025-01-08,95060.61,95014.1
614,2025-01-09,92552.49,92505.9
615,2025-01-10,94726.11,94675.5
616,2025-01-11,94599.99,94562.5
617,2025-01-12,94545.06,94499.9
618,2025-01-13,94536.1,94485.3
619,2025-01-14,96560.86,96514.9
620,2025-01-15,100497.35,100460.0
621,2025-01-16,99987.3,99937.4
622,2025-01-17,104077.48,104042.5
623,2025-01-18,104556.23,104524.3
624,2025-01-19,101331.57,101311.5
625,2025-01-20,102260.01,102247.6
626,2025-01-21,106143.82,106114.5
627,2025-01-22,103706.66,103664.9
628,2025-01-23,103910.34,103864.1
629,2025-01-24,104870.5,104808.1
630,2025-01-25,104746.85,104702.0
631,2025-01-26,102620.0,102560.1
632,2025-01-27,102082.83,102021.3
633,2025-01-28,101335.52,101279.6
634,2025-01-29,103733.24,103698.2
635,2025-01-30,104722.94,104676.9
636,2025-01-31,102429.56,102379.7
637,2025-02-01,100635.65,100603.6
638,2025-02-02,97700.59,97664.5
639,2025-02-03,101328.52,101293.7
640,2025-02-04,97763.13,97709.9
641,2025-02-05,96612.43,96553.2
642,2025-02-06,96554.35,96515.1
643,2025-02-07,96506.8,96454.5
644,2025-02-08,96444.74,96411.9
645,2025-02-09,96462.75,96423.6
646,2025-02-10,97430.82,97379.2
647,2025-02-11,95778.2,95731.4
648,2025-02-12,97869.99,97816.3
649,2025-02-13,96608.14,96560.6
650,2025-02-14,97500.48,97445.1
651,2025-02-15,97569.66,97538.0
652,2025-02-16,96118.12,96067.0
653,2025-02-17,95780.0,95743.2
654,2025-02-18,95671.74,95622.0
655,2025-02-19,96644.37,96598.0
656,2025-02-20,98305.0,98252.9
657,2025-02-21,96181.98,96127.9
658,2025-02-22,96551.01,96503.3
659,2025-02-23,96258.0,96218.4
660,2025-02-24,91552.88,91514.5
661,2025-02-25,88680.4,88639.1
662,2025-02-26,84250.09,84208.5
663,2025-02-27,84708.58,84668.1
664,2025-02-28,84349.94,84299.6
665,2025-03-01,86064.53,86007.7
666,2025-03-02,94270.0,94222.8
667,2025-03-03,86220.61,86192.7
668,2025-03-04,87281.98,87245.9
669,2025-03-05,90606.01,90566.1
670,2025-03-06,89931.89,89887.8
671,2025-03-07,86801.75,86753.8
672,2025-03-08,86222.45,86184.7
673,2025-03-09,80734.37,80688.8
674,2025-03-10,78595.86,78567.8
675,2025-03-11,82932.99,82896.0
676,2025-03-12,83680.12,83640.7
677,2025-03-13,81115.78,81085.4
678,2025-03-14,83983.2,83939.8
679,2025-03-15,84338.44,84302.9
680,2025-03-16,82574.53,82541.6
681,2025-03-17,84010.03,83962.9
682,2025-03-18,82715.03,82666.1
683,2025-03-19,86845.94,86809.8
684,2025-03-20,84223.39,84183.6
685,2025-03-21,84088.79,84050.3
686,2025-03-22,83840.59,83804.9
687,2025-03-23,86082.5,86044.2
688,2025-03-24,87498.16,87463.4
689,2025-03-25,87392.87,87369.8
690,2025-03-26,86909.17,86873.8
691,2025-03-27,87232.01,87191.2
692,2025-03-28,84424.38,84380.8
693,2025-03-29,82648.54,82604.7
694,2025-03-30,82389.99,82352.8
695,2025-03-31,82550.01,82517.5
696,2025-04-01,85158.34,85120.9
697,2025-04-02,82516.29,82485.1
698,2025-04-03,83213.09,83181.5
699,2025-04-04,83889.87,83861.3
700,2025-04-05,83537.99,83506.1
701,2025-04-06,78430.0,78390.0
702,2025-04-07,79163.24,79140.0
703,2025-04-08,76322.42,76297.9
704,2025-04-09,82615.22,82588.0
705,2025-04-10,79607.3,79560.2
706,2025-04-11,83423.84,83378.3
707,2025-04-12,85276.9,85237.8
708,2025-04-13,83760.0,83713.7
709,2025-04-14,84591.58,84553.9
710,2025-04-15,83643.99,83608.7
711,2025-04-16,84030.38,83990.0
712,2025-04-17,84947.91,84915.0
713,2025-04-18,84474.69,84421.0
714,2025-04-19,85077.01,85046.9
715,2025-04-20,85179.24,85138.8
716,2025-04-21,87516.23,87466.0
717,2025-04-22,93442.99,93404.9
718,2025-04-23,93691.08,93632.1
719,2025-04-24,93980.47,93931.6
720,2025-04-25,94638.68,94591.8
721,2025-04-26,94628.0,94575.7
722,2025-04-27,93749.3,93697.1
723,2025-04-28,95011.18,94969.0
724,2025-04-29,94256.82,94200.1
725,2025-04-30,94172.0,94125.1
726,2025-05-01,96489.91,96423.3
727,2025-05-02,96887.14,96831.2
728,2025-05-03,95856.42,95803.3
729,2025-05-04,94277.62,94230.2
730,2025-05-05,94733.68,94696.7
731,2025-05-06,96834.02,96798.9
732,2025-05-07,97030.5,96988.4
733,2025-05-08,103261.6,103228.1
734,2025-05-09,102971.99,102941.9
735,2025-05-10,104809.53,104788.8
736,2025-05-11,104118.0,104072.7
737,2025-05-12,102791.32,102739.3
738,2025-05-13,104103.72,104082.0
739,2025-05-14,103507.82,103458.1
740,2025-05-15,103763.71,103714.5
741,2025-05-16,103463.9,103412.2
742,2025-05-17,103126.65,103079.6
743,2025-05-18,106454.26,106407.6
744,2025-05-19,105573.74,105531.6
745,2025-05-20,106849.99,106800.1
746,2025-05-21,109643.99,109609.5
747,2025-05-22,111696.21,111662.7
748,2025-05-23,107318.3,107271.5
749,2025-05-24,107761.91,107698.9
750,2025-05-25,109004.19,108955.9
751,2025-05-26,109434.79,109386.8
752,2025-05-27,108938.17,108889.3
753,2025-05-28,107781.78,107723.1
754,2025-05-29,105589.75,105539.9
755,2025-05-30,103985.48,103950.0
756,2025-05-31,104591.88,104544.7
757,2025-06-01,105642.93,105583.3
758,2025-06-02,105857.99,105814.3
759,2025-06-03,105376.89,105330.1
760,2025-06-04,104696.86,104641.8
761,2025-06-05,101508.68,101458.6
762,2025-06-06,104288.44,104240.0
763,2025-06-07,105552.15,105507.5
764,2025-06-08,105734.0,105676.5
765,2025-06-09,110263.02,110227.9
766,2025-06-10,110274.39,110235.4
767,2025-06-11,108645.12,108600.0
768,2025-06-12,105671.73,105609.5
769,2025-06-13,106066.59,106027.3
770,2025-06-14,105414.64,105359.9
771,2025-06-15,105594.01,105534.6
772,2025-06-16,106794.53,106750.1
773,2025-06-17,104551.17,104508.0
774,2025-06-18,104886.78,104832.8
775,2025-06-19,104658.59,104607.1
776,2025-06-20,103297.99,103246.1
777,2025-06-21,102120.01,102079.8
778,2025-06-22,100963.87,100904.7
779,2025-06-23,105333.93,105290.9
780,2025-06-24,106083.0,106034.9
781,2025-06-25,107340.58,107280.0
782,2025-06-26,106947.06,106913.7
783,2025-06-27,107047.59,107010.7
784,2025-06-28,107296.79,107241.0
785,2025-06-29,108356.93,108309.8
786,2025-06-30,107146.5,107087.4
787,2025-07-01,105681.14,105637.9
788,2025-07-02,108849.6,108800.0
789,2025-07-03,109584.78,109545.2
790,2025-07-04,107984.24,107935.4
791,2025-07-05,108198.12,108153.4
792,2025-07-06,109203.84,109145.8
793,2025-07-07,108262.94,108203.9
794,2025-07-08,108922.98,108873.1
795,2025-07-09,111233.99,111199.9
796,2025-07-10,116010.0,115979.2
797,2025-07-11,117527.66,117500.0
798,2025-07-12,117420.0,117389.3
799,2025-07-13,119086.64,119038.3
800,2025-07-14,119841.18,119816.5
801,2025-07-15,117758.09,117738.5
802,2025-07-16,118630.43,118590.7
803,2025-07-17,119177.56,119176.6
804,2025-07-18,117924.84,117896.4
805,2025-07-19,117840.0,117814.4
806,2025-07-20,117265.12,117216.0
807,2025-07-21,117380.36,117330.2
808,2025-07-22,119954.42,119993.7
809,2025-07-23,118755.99,118713.5
810,2025-07-24,118340.99,118294.3
811,2025-07-25,117614.31,117583.5
812,2025-07-26,117919.99,117889.2
813,2025-07-27,119415.55,119423.4
814,2025-07-28,118062.32,118041.4
815,2025-07-29,117950.76,117897.0
816,2025-07-30,117840.3,117771.0
817,2025-07-31,115764.08,115697.3
818,2025-08-01,113297.93,113244.8
819,2025-08-02,112546.35,112508.8
820,2025-08-03,114208.8,114150.8
821,2025-08-04,115055.03,115002.1
822,2025-08-05,114129.75,114069.6
823,2025-08-06,114992.27,114941.0
824,2025-08-07,117472.01,117419.9
825,2025-08-08,116674.74,116628.2
826,2025-08-09,116462.25,116422.1
827,2025-08-10,119294.01,119255.3
828,2025-08-11,118686.0,118641.9
829,2025-08-12,120134.08,120081.0
830,2025-08-13,123306.43,123323.9
831,2025-08-14,118295.09,118242.2
832,2025-08-15,117342.05,117279.2
833,2025-08-16,117380.66,117329.7
834,2025-08-17,117405.01,117353.8
835,2025-08-18,116227.05,116183.6
836,2025-08-19,112872.94,112824.2
837,2025-08-20,114271.24,114220.5
838,2025-08-21,112500.0,112462.2
839,2025-08-22,116935.99,116897.5
840,2025-08-23,115438.05,115377.1
841,2025-08-24,113493.59,113446.3
842,2025-08-25,110111.98,110064.0
843,2025-08-26,111763.22,111709.9
844,2025-08-27,111262.01,111194.9
845,2025-08-28,112566.9,112507.3
846,2025-08-29,108377.4,108332.4
847,2025-08-30,108816.33,108757.9
848,2025-08-31,108246.35,108208.4
849,2025-09-01,109237.42,109187.9
850,2025-09-02,111240.01,111188.0
851,2025-09-03,111705.71,111659.8
852,2025-09-04,110730.87,110679.4
853,2025-09-05,110659.99,110614.9
854,2025-09-06,110187.97,110135.3
855,2025-09-07,111137.34,111076.0
856,2025-09-08,112065.23,112012.6
857,2025-09-09,111546.39,111499.9
858,2025-09-10,113960.0,113896.8
859,2025-09-11,115482.69,115427.0
860,2025-09-12,116029.42,115978.4
861,2025-09-13,115918.29,115862.7
862,2025-09-14,115268.01,115210.0
863,2025-09-15,115349.71,115300.6
864,2025-09-16,116788.96,116747.3
865,2025-09-17,116447.59,116402.5
866,2025-09-18,117073.53,117017.1
867,2025-09-19,115632.38,115569.5
868,2025-09-20,115685.63,115624.9
869,2025-09-21,115232.29,115183.9
870,2025-09-22,112650.99,112604.7
871,2025-09-23,111998.8,111947.0
872,2025-09-24,113307.0,113254.0
873,2025-09-25,108994.49,108934.5
874,2025-09-26,109643.46,109588.5
875,2025-09-27,109635.85,109577.3
876,2025-09-28,112163.95,112119.6
877,2025-09-29,114311.96,114257.1
878,2025-09-30,114048.93,113988.8
879,2025-10-01,118594.99,118552.4
880,2025-10-02,120529.35,120481.3
881,2025-10-03,122232.0,122182.7
882,2025-10-04,122391.0,122343.2
883,2025-10-05,123482.31,123426.7
884,2025-10-06,124658.54,124628.5
885,2025-10-07,121332.95,121286.5
886,2025-10-08,123306.0,123237.5
887,2025-10-09,121662.4,121579.3
888,2025-10-10,112774.5,112714.9
889,2025-10-11,110644.4,110579.1
890,2025-10-12,114958.8,114894.4
891,2025-10-13,115166.0,115111.9
892,2025-10-14,113028.14,112983.8
893,2025-10-15,110763.28,110699.0
894,2025-10-16,108194.28,108129.4
895,2025-10-17,106431.68,106378.6
896,2025-10-18,107185.01,107117.5
897,2025-10-19,108642.78,108586.2
898,2025-10-20,110532.09,110469.9
899,2025-10-21,108297.67,108253.7
900,2025-10-22,107567.44,107532.0
901,2025-10-23,110078.18,110025.9
902,2025-10-24,111004.89,110965.4
903,2025-10-25,111646.27,111589.4
904,2025-10-26,114559.4,114497.8
905,2025-10-27,114107.65,114064.1
906,2025-10-28,112898.45,112833.5
907,2025-10-29,110021.29,109985.6
908,2025-10-30,108322.88,108263.5
909,2025-10-31,109608.01,109557.3
910,2025-11-01,110098.1,110047.2
911,2025-11-02,110540.68,110494.9
912,2025-11-03,106583.04,106544.0
913,2025-11-04,101497.22,101450.3
914,2025-11-05,103885.16,103837.0
915,2025-11-06,101346.04,101305.6
916,2025-11-07,103339.08,103305.2
917,2025-11-08,102312.94,102269.3
918,2025-11-09,104722.96,104670.6
919,2025-11-10,106011.13,105966.3
920,2025-11-11,103058.99,103005.8
921,2025-11-12,101654.37,101605.8
922,2025-11-13,99692.02,99654.3
923,2025-11-14,94594.0,94544.9
924,2025-11-15,95596.24,95560.3
925,2025-11-16,94261.44,94221.7
926,2025-11-17,92215.14,92169.7
927,2025-11-18,92960.83,92916.9
928,2025-11-19,91554.96,91508.9
929,2025-11-20,86637.23,86601.3
930,2025-11-21,85129.43,85093.5
931,2025-11-22,84739.74,84689.4
932,2025-11-23,86830.0,86807.7
933,2025-11-24,88300.01,88247.1
934,2025-11-25,87369.96,87324.1
935,2025-11-26,90484.02,90438.1
936,2025-11-27,91333.95,91292.2
937,2025-11-28,90890.7,90847.8
938,2025-11-29,90802.44,90765.0
939,2025-11-30,90360.0,90320.6
940,2025-12-01,86286.01,86241.6
941,2025-12-02,91277.88,91249.1
942,2025-12-03,93429.95,93376.7
943,2025-12-04,92078.06,92034.7
944,2025-12-05,89330.04,89288.5
945,2025-12-06,89236.79,89197.1
946,2025-12-07,90395.31,90345.4
947,2025-12-08,90634.34,90610.8
948,2025-12-09,92678.8,92638.4
949,2025-12-10,92015.37,91977.5
950,2025-12-11,92513.38,92477.5
951,2025-12-12,90268.42,90229.6
952,2025-12-13,90240.01,90191.3
953,2025-12-14,88172.17,88118.8
954,2025-12-15,86432.08,86389.9
955,2025-12-16,87863.42,87826.3
956,2025-12-17,86243.22,86201.6
957,2025-12-18,85516.41,85469.7
958,2025-12-19,88136.94,88100.0
959,2025-12-20,88360.9,88320.8
960,2025-12-21,88658.86,88621.3
961,2025-12-22,88620.79,88581.5
962,2025-12-23,87486.0,87463.0
963,2025-12-24,87669.45,87627.3
964,2025-12-25,87225.27,87182.8
965,2025-12-26,87369.56,87318.2
966,2025-12-27,87877.01,87829.4
967,2025-12-28,87952.71,87920.5
968,2025-12-29,87237.13,87203.3
969,2025-12-30,88485.49,88455.3
970,2025-12-31,87648.22,87608.2
971,2026-01-01,88839.04,88800.0
972,2026-01-02,89995.13,89951.4
973,2026-01-03,90628.01,90595.8
974,2026-01-04,91529.73,91497.1
975,2026-01-05,93859.71,93822.4
976,2026-01-06,93747.97,93708.0
977,2026-01-07,91364.16,91328.0
978,2026-01-08,91099.99,91059.8
979,2026-01-09,90641.28,90603.6
980,2026-01-10,90504.7,90469.6
981,2026-01-11,91013.65,90964.4
982,2026-01-12,91296.2,91252.6
983,2026-01-13,95414.0,95375.2
984,2026-01-14,96951.78,96907.9
985,2026-01-15,95604.8,95567.3
986,2026-01-16,95550.94,95503.7
987,2026-01-17,95147.77,95107.9
988,2026-01-18,93673.14,93614.0
989,2026-01-19,92631.0,92589.6
990,2026-01-20,88427.66,88390.6
991,2026-01-21,89454.73,89411.4
992,2026-01-22,89559.67,89518.5
993,2026-01-23,89600.26,89558.7
994,2026-01-24,89225.34,89180.7
995,2026-01-25,86670.36,86628.9
996,2026-01-26,88347.08,88300.6
997,2026-01-27,89250.0,89197.8
998,2026-01-28,89299.99,89261.7
999,2026-01-29,84650.16,84604.7
